Id,Output
1,121.98600710873158
2,100.59541513456799
3,121.82538505129166
4,121.99075185930745
5,121.70332334180367
6,111.80722000798626
7,54.15155720968779
8,128.44072467968675
9,157.22845402673107
10,92.77009825919367
11,122.13567426455651
12,100.87220127799577
13,121.80708099845836
14,54.2423366173662
15,184.38651026893726
16,118.42785174249765
17,140.72494026910977
18,53.984707090234174
19,107.10188587163402
20,122.10926804708566
21,137.7990965452235
22,53.93521895993583
23,157.43993313815523
24,120.30699626839098
25,54.14757213984164
26,182.16427253256956
27,53.96851190564819
28,121.79629917344347
29,121.9033257462999
30,80.1117600477381
31,53.79447362333932
32,157.36417561265088
33,122.05566452793107
34,121.69142544229739
35,104.2877853407426
36,100.79194545435355
37,104.30894161692206
38,114.37501169317103
39,82.71092678617647
40,53.63172125465848
41,54.08116689656772
42,184.074967074188
43,104.4282037072191
44,54.11785937953823
45,54.4669094965306
46,122.10220886487805
47,111.69577354914334
48,54.23478896963953
49,54.081695995807166
50,184.28464510042323
51,100.44002933836042
52,116.66701561321129
53,157.22178005394352
54,98.64606664259955
55,53.95794300927761
56,122.0130555103581
57,111.74974360495182
58,100.62113764966769
59,122.07029767264741
60,100.7646071097582
61,58.9750825459825
62,137.71407965729495
63,53.7116596642874
64,124.88747060705137
65,121.90638647218934
66,121.87319835491883
67,27.86514997682979
68,121.9565378992144
69,100.49565434389453
70,121.8770465861637
71,51.58789984179797
72,100.51673852797731
73,140.40502105089755
74,121.899211112967
75,104.34949807549408
76,140.48014025474885
77,60.362739680954824
78,54.31311191585365
79,53.85360821941022
80,54.06198935155631
81,53.958063540478335
82,59.74858851240788
83,52.469113819373504
84,122.2601381169348
85,121.73647710330103
86,184.10601490402792
87,100.67767886953196
88,157.12086365055916
89,54.10483695368123
90,106.84985016290042
91,140.29456497047286
92,104.26968868691617
93,121.86733416638147
94,184.08487364331899
95,184.07048918824648
96,137.33128376652203
97,184.3799147652172
98,104.24205564729756
99,104.41388932891195
100,53.78572403016176
101,137.68578589717418
102,54.006908604540264
103,137.94637965702142
104,140.39576683739975
105,106.95185360921816
106,54.146726790488685
107,111.87066583219438
108,53.93465077037575
109,121.96715721377316
110,122.12598865258305
111,109.1401194265313
112,121.98156282301835
113,100.2844624829047
114,157.43565970243915
115,47.161306086899685
116,184.17157659734383
117,100.53860606008975
118,51.84471858191769
119,119.30930505634704
120,100.80636468015975
121,54.156900163100325
122,182.22336508792742
123,121.72673806369723
124,184.22045592384066
125,122.15396315347998
126,60.555292857988235
127,157.4168196951874
128,54.00523625196911
129,120.97607577286443
130,52.294906935572286
131,54.12079241814733
132,100.58079555508215
133,184.48189270477067
134,121.97241122237331
135,121.9683334204445
136,98.4774438441939
137,108.58311158370326
138,54.01925034636688
139,56.47649525259873
140,121.88399294483393
141,28.17572803639058
142,137.68300637032604
143,140.53216297716207
144,122.15824558502611
145,50.66205820418234
146,122.16720888723738
147,28.235469482907657
148,157.13368218436497
149,106.95535847333525
150,157.25584114887644
151,157.17474366221828
152,137.57513816996266
153,27.92168851941499
154,121.73470669813608
155,54.197593313331986
156,100.73605437253441
157,106.99196568014312
158,157.14594225663592
159,54.166610822732096
160,74.04858170426614
161,54.240544681849066
162,28.236282708295622
163,54.01975631299926
164,122.12453527956282
165,127.79466400315007
166,80.16185814359686
167,56.193692096044494
168,140.74953109227275
169,54.17561802041804
170,137.78388573605494
171,121.81351689296591
172,97.44356941267124
173,54.0336358401392
174,111.74303783680783
175,184.44223692360364
176,117.30639642037663
177,100.68927855350485
178,47.225432291601145
179,92.8888444078261
180,121.81562339315931
181,54.06063319279696
182,116.70942168513112
183,157.12242322904115
184,122.1974248917524
185,48.65811709744398
186,60.84109584421834
187,127.81012248477867
188,60.531377599400344
189,53.867503829818986
190,100.72203114822103
191,54.14540812704655
192,121.91913528840192
193,60.47637695316671
194,53.93771569444419
195,137.88388165622555
196,122.05495909678392
197,121.49825229782778
198,100.66492290816373
199,102.93643060505303
200,100.98550474534667
201,122.09922441641025
202,121.96511108424282
203,104.21004314735039
204,54.13139920310768
205,181.13910304663455
206,157.21385546818638
207,51.8499471959872
208,54.171588382304705
209,135.05685091039862
210,142.0771283877584
211,122.2615246679943
212,104.24737499301993
213,99.09427839970817
214,54.07497388676885
215,106.90589049161011
216,184.37667088110487
217,137.7316430428561
218,107.01766281393583
219,104.20283700436413
220,54.02894539253326
221,122.05314494834944
222,104.50304797815595
223,140.51769463666866
224,28.16589312857048
225,54.15265770447397
226,107.54429738693514
227,53.40141102084181
228,104.32055300659155
229,157.25870971467597
230,28.52903445902122
231,53.847714636395246
232,121.95188758753318
233,127.4879048014441
234,137.66809137859337
235,119.01934865850262
236,54.055477484198015
237,54.13179230719423
238,121.88553663223581
239,54.29366689943559
240,121.5308410298126
241,157.37640456925084
242,103.54104612937986
243,100.47404411696102
244,28.059183900836548
245,100.44591006263741
246,100.72692264898063
247,58.55373078872684
248,184.22330234359669
249,54.210945321840065
250,104.26520735102719
251,60.6956776669829
252,121.91036525695654
253,127.5586806400123
254,122.33659931555728
255,121.90422346499359
256,28.05655639563619
257,54.19574143752062
258,137.81789233805355
259,157.06388293975246
260,122.11640677090561
261,122.01264060207801
262,156.40824430664202
263,54.0675888764864
264,100.39571760349813
265,121.8259277448536
266,157.64028179654537
267,54.083804821644
268,54.21617788607323
269,70.67916318346369
270,126.0081659353306
271,138.1496308972296
272,54.25365533800817
273,54.048813651777145
274,138.26097144905074
275,53.96936544656488
276,127.79317015323379
277,157.20159863995138
278,100.60575983785756
279,54.102447835054654
280,120.14654231350814
281,107.24831865162146
282,54.05051293994516
283,100.30455662222145
284,54.290081804170896
285,54.183983762648175
286,141.02650790031635
287,54.19701682315031
288,104.49179373574285
289,53.94916794338854
290,54.13332385141274
291,54.17460954638748
292,100.71274481808278
293,52.783444254674905
294,140.6479145122511
295,157.32891419362042
296,54.023954979978264
297,48.34607502740834
298,137.9436089939544
299,103.69334112016067
300,157.42531075940826
301,53.98890620922369
302,54.33144927743081
303,183.9977776208059
304,80.0414848589017
305,53.83964206380215
306,113.21851339123204
307,48.60467195290333
308,182.0935241709936
309,127.55105760547153
310,54.06917343002084
311,157.24718206647884
312,56.38238508666805
313,111.95288024486617
314,90.90576973509211
315,54.14154141010251
316,28.022394895728972
317,122.00436806692765
318,184.30052858871719
319,54.186452355733735
320,107.39038856319002
321,53.63198977917662
322,107.17977241682874
323,54.04831248970385
324,121.81808551972753
325,28.104670418096813
326,74.84540047486226
327,54.13454071105678
328,54.15013612916434
329,122.03747973737873
330,53.956765528139684
331,121.75823882512995
332,53.46113347381441
333,54.184396243619894
334,121.90548354369972
335,122.02134205216937
336,111.32521728778255
337,54.34249275214242
338,28.126297414087553
339,100.5911967060404
340,80.22782812935128
341,104.09033234173806
342,111.73855729233094
343,28.06509035472785
344,104.18861263832837
345,107.03361355274257
346,157.2202978217357
347,60.765545259585416
348,53.92832746476808
349,60.80000288827443
350,127.36672533539071
351,60.57931132672073
352,122.12415294250994
353,157.12715183923825
354,121.78206720064868
355,121.87398783396874
356,54.499008138110426
357,118.0573196872156
358,100.48819824266863
359,100.48316881886163
360,54.15371626486088
361,27.882149817870236
362,111.54250328964027
363,121.75534040616967
364,121.66590489758386
365,111.75175609445625
366,125.72759241176182
367,122.05474807121949
368,137.881194470832
369,111.72671305891859
370,60.785112847084335
371,135.21601460610444
372,60.70631990557784
373,54.50650997751191
374,49.218614060804406
375,104.0767137473737
376,121.82808388570622
377,121.6766590300567
378,54.12145554066208
379,107.17200207195144
380,116.96709797179142
381,140.31828192112906
382,104.35619201576878
383,100.41582159094297
384,81.7746580753794
385,117.90319588846971
386,157.21924432519296
387,53.943617571027374
388,46.76995732303157
389,122.09985991610384
390,101.76512589926602
391,54.2357535574868
392,104.09280824734392
393,100.72684978951172
394,115.18876867367548
395,121.947549911181
396,53.986168749000726
397,127.71586250897631
398,140.65687404010706
399,50.1401031486698
400,80.12001832794462
401,100.33483756199355
402,79.93800787596864
403,121.7967208966558
404,121.99678569532026
405,52.814655349439505
406,100.46074518476384
407,60.605562817115796
408,121.9913391351598
409,53.94479230107795
410,127.55008499766362
411,139.2843165784152
412,60.71260129941965
413,54.020203210072275
414,27.794193124368146
415,54.02103170380871
416,157.34520315854772
417,150.86485242622746
418,122.08977299073545
419,111.70086135809373
420,54.07298837879825
421,184.24264273850144
422,121.29792655560715
423,183.14020369333358
424,54.33692021638121
425,104.2104551346135
426,28.10665040323833
427,27.984389663107088
428,80.22232940889974
429,54.14663838608636
430,53.95648918673635
431,122.07338820333102
432,94.19524519995201
433,138.66236136686354
434,54.31250359777704
435,100.57943421458373
436,121.99439044985786
437,60.52955590604086
438,54.2352607803532
439,100.50997796574346
440,107.0401635356418
441,121.91387471523907
442,104.51216650383499
443,54.09816948085504
444,185.69818586347225
445,107.22359983696587
446,54.10457606781291
447,106.81983697319791
448,54.451164767283174
449,54.252598767542416
450,121.95194914052654
451,54.052593672274185
452,111.88106967455627
453,104.3676168923648
454,140.40036334634132
455,93.52887494795857
456,60.48621810921099
457,111.47862932796345
458,157.28168368664976
459,107.31042102519926
460,58.37071320563899
461,60.81339712581524
462,54.165002571735876
463,184.050751322497
464,101.01534802986278
465,111.62167789608489
466,183.91278517400798
467,111.6881661396363
468,54.19979918454024
469,53.90381588494634
470,137.70058941904486
471,122.15775513499835
472,107.462413495227
473,107.1534027540403
474,100.71361527981962
475,60.686779787928565
476,97.91108802828887
477,111.38703055311774
478,54.06414024432349
479,60.77319612756844
480,52.43049861130747
481,93.36709198027685
482,100.50552302879514
483,140.38108243985752
484,60.62684087760028
485,100.64415126822966
486,54.275632867144175
487,54.18381380362614
488,100.7827696685196
489,52.157585331801705
490,107.02749705170326
491,157.22408136317407
492,54.05573519647176
493,28.157161989302697
494,54.5538673525457
495,50.49599444516487
496,53.98433478376798
497,100.76046313856837
498,184.25812707174802
499,54.011179754489106
500,54.23344273244417
501,184.15434488945039
502,157.31313423394423
503,60.64343040235252
504,54.347066065041844
505,157.29760352579078
506,28.18832554393014
507,54.21122176778996
508,50.80542336598124
509,100.32337968180657
510,53.735093411077756
511,100.62799889602408
512,140.28542373205116
513,137.8753006027559
514,137.839476451624
515,122.08496625915699
516,53.987670434680275
517,54.06501701842107
518,54.18604726725308
519,51.49257556893951
520,49.91043918698046
521,119.40405029974956
522,137.86745496412868
523,111.74785165622247
524,80.20967532041512
525,104.47862760324537
526,140.53364592959542
527,141.27236244989598
528,137.09738497995951
529,111.87463021385281
530,127.55247883142567
531,122.06612619489967
532,79.81876872951676
533,57.68091326437574
534,184.26005903953345
535,121.68747263002898
536,107.08414533850795
537,127.52803793171383
538,54.181686779815045
539,178.40470056368304
540,121.70778395647454
541,53.95763330435543
542,54.31529289495674
543,104.63869732198717
544,122.02048447230827
545,54.07087958473835
546,111.81944169922981
547,122.07229190589703
548,100.52683537235774
549,54.21572433692522
550,138.179383983033
551,54.122727177380554
552,54.306534679309365
553,122.03454600776807
554,184.23910080150844
555,140.6298387357579
556,52.535946181728264
557,54.106720431197886
558,60.864205870813244
559,184.13758851872404
560,127.50968043163617
561,54.05994785698457
562,106.99006392863907
563,121.19565902072515
564,111.80081121101178
565,54.20345296094795
566,121.84282683726065
567,60.72698510654379
568,54.11205413376432
569,28.25300770233813
570,183.86580043484935
571,127.46842144228492
572,27.898873995023845
573,137.6296518303641
574,138.02827548257795
575,121.7548527602407
576,122.02556828409057
577,104.26631908246743
578,106.82223461912233
579,28.311163253989122
580,111.59116122224842
581,104.31926495999615
582,54.081757130557676
583,122.15796014345464
584,54.03469793072906
585,80.0291094323642
586,184.16293535601113
587,100.60347944469983
588,60.49714019924583
589,53.894469696460305
590,60.55644137394444
591,121.92498788632327
592,104.39200157522392
593,104.45513191480427
594,108.73300210862824
595,28.168725461530006
596,111.74376201190547
597,183.96187836784395
598,157.6519329686845
599,54.195377171082264
600,122.19496673510773
601,121.95887598250089
602,107.18452775733014
603,54.10256216348093
604,106.8012236957035
605,103.91641216276648
606,100.49435197226956
607,122.1762342977025
608,121.82829057901111
609,131.48568510977663
610,54.15042309607985
611,54.26473519723602
612,60.80086358477593
613,127.47724276576288
614,106.77597274122355
615,54.141548157926856
616,60.18119772908398
617,54.104813429772605
618,30.182083149469868
619,159.94609489419588
620,54.17811241115606
621,122.10968672855479
622,140.58436379783697
623,28.012805359012958
624,129.09873768455972
625,123.07542548240868
626,54.1772384956269
627,54.009328784611945
628,121.8877656988131
629,157.09591879387165
630,121.81405042041646
631,80.20661911751999
632,53.033941998923254
633,121.89032732721533
634,121.96260981650636
635,137.85204277763924
636,121.82601474775666
637,128.32793463887265
638,102.333172673726
639,53.86484460353816
640,56.13907395615891
641,157.3395830514588
642,80.42650023150296
643,54.22820852970862
644,56.835534160154644
645,54.01748862992151
646,127.55082099946551
647,111.90104061573918
648,54.17697595469753
649,121.91565676504136
650,54.10935772200138
651,54.285312010831426
652,157.45191833289553
653,127.43399298264019
654,137.75820178556845
655,153.5622160930747
656,138.1714170526962
657,121.81878510960465
658,111.89374582132868
659,126.36134100343136
660,53.96012848873222
661,54.03400131309599
662,121.82403589279424
663,54.192811439021284
664,54.17378411851911
665,55.08964700043541
666,60.66296238343422
667,27.993797048303236
668,106.96955882833615
669,106.97031346721208
670,127.56876889875129
671,106.90370774820312
672,129.45703221477478
673,28.069335478641666
674,100.4937195569644
675,52.78563439529409
676,121.70373935055045
677,127.54947124618188
678,117.96784599395151
679,122.01445097698357
680,112.01619683989757
681,121.9709886928165
682,157.24713149059457
683,157.16266261970102
684,106.9552921490501
685,53.92679678441262
686,121.74438928321143
687,54.27400617481508
688,54.007302154909546
689,100.45484159703075
690,157.48808396398692
691,122.01726518798513
692,137.8824424254358
693,184.3142275163212
694,157.23378951149894
695,111.70706328851297
696,137.9235712924915
697,104.266125194624
698,60.495452176315546
699,104.22452770502944
700,157.26614787546856
701,100.52403894698695
702,122.11410822203689
703,54.08849830698222
704,60.51090044561001
705,104.02608909992485
706,122.13647600804019
707,122.2908916017401
708,100.83277550771066
709,122.23763975067078
710,157.1600114482183
711,28.23749191570269
712,96.01082765712547
713,49.83231601575149
714,100.48880176470378
715,122.19358505055449
716,121.94310724473313
717,54.22936934491228
718,137.9457531886472
719,54.214720948574076
720,127.58064633159347
721,122.03575197322284
722,54.02860463065424
723,54.30858172885584
724,55.53927555619596
725,118.24238859583376
726,100.50277179797408
727,54.10951227674601
728,157.26299751047924
729,54.017727253311904
730,53.97224410156765
731,121.30137169297039
732,121.94410362460025
733,183.9677667262731
734,121.86704210746653
735,54.028208827034405
736,60.66062242817738
737,122.1533425284479
738,101.71682505151463
739,54.08796501220415
740,119.48322698115598
741,121.87767776101416
742,54.03922688392464
743,121.76022250794779
744,104.00851925751742
745,54.09887293236638
746,27.719931933684364
747,80.28828784545905
748,122.17494980039775
749,120.5312968191331
750,157.28047291557144
751,27.88495590361948
752,121.75855837635899
753,54.1240099554798
754,80.07070891124333
755,140.38662550955954
756,53.99118122098305
757,107.04037994554906
758,121.97387269813723
759,53.83016373035337
760,48.48262222228624
761,122.41659599008682
762,156.37079689309704
763,184.19950280440207
764,54.11489889164999
765,121.89612737074634
766,28.086635722472167
767,52.090919483879894
768,54.04298902195171
769,54.20570866253618
770,100.42453281419881
771,108.23358038252984
772,127.54576661391965
773,27.99439642089638
774,54.202089364254526
775,121.90274657538608
776,111.57886283110105
777,184.41929298714575
778,127.59098325133058
779,121.93064858397568
780,104.30312753296279
781,100.54989860888143
782,119.90308379036094
783,54.04540165118924
784,53.87127303603474
785,54.05623173089581
786,100.52397437205147
787,53.97371135581697
788,60.61950335841669
789,53.90394706468212
790,100.74675599590765
791,49.24813263135911
792,137.98976892196086
793,80.17795325108595
794,54.07248405869829
795,53.960712629458314
796,80.11297057239727
797,80.27253186381269
798,180.45407580931246
799,118.99776540811044
800,28.154771886954624
801,127.89388859887961
802,60.394257530054595
803,100.58483493668615
804,55.82614169087981
805,184.21835624160158
806,54.19076284474638
807,157.29485796402358
808,112.0722284412528
809,127.30127481254175
810,80.02354007942373
811,143.5567664300242
812,137.9363867258008
813,54.13856124316502
814,54.0947817748173
815,80.13775043313967
816,105.14040644630656
817,51.111574494162305
818,122.26931322602901
819,184.18290627715868
820,157.32724536846698
821,100.48187146579265
822,100.8553486621761
823,157.69190864617795
824,127.91080141824659
825,54.12237795339678
826,100.80975091583574
827,104.36875113595691
828,100.66104364269209
829,121.79382804382647
830,53.197512749780195
831,53.922411838299034
832,121.86671340535088
833,100.38971889370573
834,127.49427070724737
835,54.20806544833169
836,121.87241230221314
837,54.165254435022604
838,127.64873522630788
839,27.901336825156054
840,80.17948884123301
841,54.17209645641546
842,53.97693549421146
843,100.77139858684826
844,117.5264587804418
845,60.678613813795685
846,100.90888718273234
847,121.65202177513119
848,54.21742500845037
849,54.04641319730019
850,60.47585792146698
851,27.88819421943861
852,99.1419661788843
853,184.44560917049895
854,140.8868043023404
855,121.66676231178376
856,104.15163115626453
857,54.11936598025682
858,137.99618559431218
859,54.24208081094405
860,54.019069345691214
861,122.39317280687168
862,104.09224978287875
863,106.94771338195544
864,122.02111624587354
865,107.02536616873263
866,53.911078346110905
867,54.540338282798565
868,111.41064582406156
869,54.138732554724704
870,28.23712582399896
871,25.42490052537763
872,184.19027839640367
873,53.8203685348724
874,54.045085595627704
875,100.64104525379915
876,115.48074837433781
877,54.126823863499794
878,127.58155905010953
879,54.54277638723224
880,54.38741657332781
881,54.14118078333509
882,80.07536039408934
883,104.43381727298822
884,140.29092208337008
885,54.16464580244555
886,121.66933765121532
887,54.134919397826444
888,140.42909050005426
889,111.88700774172933
890,100.42240994970061
891,140.53085647937394
892,53.83354809698284
893,53.973128546174806
894,80.3071072777934
895,54.02700350980487
896,135.6470529103233
897,122.02087788852018
898,107.16314645865468
899,57.08530856844889
900,184.1513228130512
901,77.50379583003014
902,54.38422244057385
903,45.604070223914
904,137.9578885308999
905,104.1908520379028
906,122.0221900990446
907,54.298097865756745
908,127.62802195569064
909,54.0476850864874
910,57.14368626169058
911,184.1012308785854
912,122.0217339151662
913,76.60986834443814
914,122.00353078379239
915,112.03833645369745
916,54.31976147204313
917,80.12602319453305
918,127.6425634562994
919,107.35318722474109
920,122.18331144192658
921,54.150819692329
922,127.57955052289614
923,54.115964814011484
924,121.9656815324841
925,121.84672363792787
926,60.767515438396984
927,80.14102622492125
928,107.12338748181665
929,104.39730636816824
930,60.59965116999082
931,105.84076861019818
932,104.17751264452689
933,107.0644243138991
934,54.21866128790502
935,60.87941254086364
936,100.62684173341081
937,111.78591220811774
938,157.43549486210011
939,120.61543147861329
940,54.367646230141894
941,105.61390274649777
942,111.7778344700155
943,121.96508556734477
944,54.24794865093111
945,54.18790813285418
946,95.95704605298964
947,54.00611027073745
948,54.07171205501485
949,27.84577202478896
950,122.00804778524703
951,93.0641684961223
952,53.94617646109632
953,136.82784477230098
954,60.65749476557463
955,184.0713180750209
956,54.27487881481827
957,53.91778335023542
958,123.67741133865576
959,100.54962842720137
960,127.34867394233333
961,54.227289608382854
962,122.01932006707452
963,122.06911839933983
964,121.90209326355124
965,107.07226549423645
966,54.079625701780394
967,138.07970737123466
968,54.54617302768034
969,121.87985556357698
970,53.92724202044915
971,59.95611978962236
972,28.1465590551865
973,140.57203962256844
974,184.0814602793914
975,121.66242670186926
976,121.95476118568067
977,106.84413384172382
978,54.18810551399898
979,54.24638587815653
980,104.43313465772248
981,54.21949967206777
982,53.91421826658857
983,184.48267287720518
984,61.40636448438442
985,53.958742172410055
986,127.60215110729364
987,53.96663513460388
988,100.78956101616733
989,105.32464742667851
990,122.10225681067314
991,100.5013893401824
992,117.34714643673881
993,100.81789658026545
994,122.16523199602123
995,54.193022257103465
996,104.37550720154645
997,157.07826422767565
998,107.17054168152946
999,54.172823169396544
1000,23.201192855192634
1001,53.98912794436672
1002,100.51377373323997
1003,54.023422982456815
1004,53.90260592810454
1005,60.57508423325505
1006,54.07631396635813
1007,121.89351416694849
1008,137.8097049215807
1009,137.73009205632178
1010,140.35848296024437
1011,107.26263008248839
1012,54.2441366486667
1013,140.48573636161692
1014,137.65241585086196
1015,53.53235919482913
1016,121.89792848313684
1017,53.945458203407156
1018,127.93721225722321
1019,180.36003817100035
1020,111.75742763306889
1021,104.5954072190188
1022,121.88460384061801
1023,111.68478470906894
1024,54.00465548429111
1025,54.067833736621814
1026,54.084317724074815
1027,53.77220855060462
1028,60.51708760253081
1029,60.53204021989599
1030,152.4280500265195
1031,54.156731477959624
1032,54.14237425929566
1033,121.44619709363693
1034,121.87205308745543
1035,104.31104103047745
1036,121.96949507905408
1037,184.0400115358388
1038,76.82265818727204
1039,60.75180556416327
1040,140.5344184791347
1041,121.76610817643758
1042,105.44413339524591
1043,54.262603398945245
1044,100.55629156167672
1045,156.7931330627414
1046,54.0299355481657
1047,112.42525652483117
1048,140.70170429169144
1049,140.50553874624026
1050,54.437763873288574
1051,100.51392292701883
1052,100.61652003167823
1053,102.40849554768687
1054,79.88176808167158
1055,60.4739991395379
1056,137.6632804090599
1057,54.065967735646105
1058,127.522764920546
1059,80.80227565781203
1060,140.55681594213496
1061,104.26690083587364
1062,137.7487077552009
1063,184.40759538865015
1064,54.2654324671828
1065,121.97542397853154
1066,104.22919906960702
1067,121.92135436753844
1068,136.52732417768541
1069,54.13212946055534
1070,127.5180131429842
1071,80.31398211708598
1072,100.67233679221081
1073,111.88993161828603
1074,53.95232398908334
1075,122.32900036568063
1076,115.51804394134973
1077,121.98702219995602
1078,54.181295080039845
1079,53.8306456077988
1080,54.186644986273535
1081,100.5187698746001
1082,184.29567573968245
1083,103.5343989429598
1084,80.25907604013226
1085,54.27614340700227
1086,138.17139188642795
1087,54.35614598325279
1088,53.94993023848676
1089,54.1242511114608
1090,54.292687044446005
1091,53.960358280875745
1092,60.989718988296254
1093,60.658875744257166
1094,28.305731534652733
1095,157.40320923543788
1096,100.62938719017086
1097,53.62401960524083
1098,54.204729249746855
1099,60.693802102256946
1100,53.834433307125636
1101,54.06790718771608
1102,100.24822163769663
1103,111.77010693329738
1104,127.669967396125
1105,53.157349962857786
1106,108.09439714767133
1107,100.52732782031178
1108,121.82422179492673
1109,122.04005581911557
1110,133.8021588745665
1111,107.19593646595115
1112,122.26535571750566
1113,28.072768633317363
1114,53.98172245237928
1115,54.10127305719951
1116,54.08360532621026
1117,137.5688479221996
1118,106.96761145955838
1119,54.05677770933891
1120,97.10046297029294
1121,80.14586836960551
1122,157.41909854712176
1123,104.06095891583227
1124,54.18074759938673
1125,106.81784489431084
1126,54.060112190940146
1127,184.23063033481694
1128,27.944446937007797
1129,54.068112337217826
1130,54.213965444628805
1131,54.302394421046046
1132,122.03973480613072
1133,28.01810650898492
1134,54.148870102458645
1135,26.469650847789975
1136,76.74842019354759
1137,111.9087435949484
1138,157.44110793033946
1139,106.86248772499171
1140,184.15253287568964
1141,28.414285104904085
1142,129.94829188622356
1143,100.76315436744582
1144,100.03158082318157
1145,80.208061666577
1146,122.12440691519798
1147,60.366989197278535
1148,54.29764179361708
1149,100.72194074350269
1150,127.47490999719746
1151,111.75496104015397
1152,53.90009175426683
1153,122.06357356230899
1154,111.77206666012971
1155,137.64979995606177
1156,54.38972310097453
1157,54.057052986979805
1158,54.382775008128974
1159,104.49256587393104
1160,184.43953120265928
1161,100.46450545764093
1162,54.03779667957238
1163,122.00577399682334
1164,121.96739515942542
1165,122.00488669857891
1166,121.72517168465353
1167,28.175645811409385
1168,137.67583465973556
1169,121.89435530846477
1170,122.15412000784166
1171,121.91213492849808
1172,121.81964974883411
1173,184.4017690288801
1174,100.33436967344814
1175,54.08198502456324
1176,60.664876524839656
1177,100.60297397105283
1178,54.235777124010035
1179,122.1574843957431
1180,104.06579691833652
1181,121.98078400035511
1182,112.1494947564427
1183,111.75029379537084
1184,122.01250612776111
1185,53.99740274462402
1186,138.01045524121352
1187,53.86510197134342
1188,111.76747737633423
1189,54.225227308704994
1190,111.59161262966826
1191,157.1755132897245
1192,111.94219496742147
1193,53.795251519426834
1194,103.37881637890733
1195,54.15018572044558
1196,122.04855979888873
1197,54.18533529033829
1198,100.6023129730449
1199,122.13829588800027
1200,121.9949104411196
1201,106.98381532075564
1202,157.29373811033926
1203,54.27713044358644
1204,53.90490499999252
1205,121.95341680940614
1206,183.98277505268223
1207,53.97386208009696
1208,121.9262411654815
1209,122.05776616144956
1210,54.30536855564448
1211,53.92418755866191
1212,137.7844140591163
1213,28.1657752507292
1214,55.6393683177173
1215,54.33094847961622
1216,183.95451572534662
1217,100.59780587881875
1218,54.1277181192155
1219,54.25295889691838
1220,137.69782177826434
1221,100.81379930908867
1222,103.63221287647767
1223,54.306236185776015
1224,54.17473065367281
1225,121.81440161309341
1226,122.02495162320207
1227,54.29230088213989
1228,122.19073238597386
1229,107.18426018577091
1230,50.126695150324295
1231,184.45747178132842
1232,184.3635547938525
1233,112.07667443026095
1234,100.7488410503191
1235,119.8203483951238
1236,111.70712262085773
1237,122.1705939854255
1238,184.16741332372447
1239,121.95895916967415
1240,121.96254600749738
1241,100.65337865154474
1242,154.8768972743583
1243,121.91992685360417
1244,51.37459385033766
1245,122.44131661393367
1246,121.59183012291989
1247,54.21228301943222
1248,54.2498594160176
1249,53.90933766631003
1250,53.98890692186148
1251,178.25878431948033
1252,121.64521960711328
1253,80.44903074510512
1254,121.94091931804586
1255,180.00138745423263
1256,184.5151558839913
1257,54.26116008710311
1258,53.85980749468001
1259,107.50355063827266
1260,122.04425814427229
1261,122.03428759814605
1262,111.49211676059292
1263,157.13873269510933
1264,54.02474770554036
1265,111.76231777721934
1266,100.70246483418583
1267,100.79024515803698
1268,116.36224994240403
1269,137.8260646899486
1270,122.11056434571253
1271,118.10159852965612
1272,50.49713776288969
1273,100.60009293810543
1274,111.72281833279796
1275,28.156251482137947
1276,140.44586623901543
1277,100.95876371466748
1278,122.16039985007403
1279,110.45383609345387
1280,104.13610006611383
1281,121.91430493987296
1282,28.02995659947963
1283,53.12013695445722
1284,122.21538925238129
1285,23.740440332562933
1286,100.32416418302117
1287,121.76279095746804
1288,54.12439036910232
1289,157.24820546021772
1290,107.22779000092945
1291,113.00498879266937
1292,54.30922294396764
1293,122.03299778070787
1294,107.01646193381299
1295,184.0210477072702
1296,122.7286640460413
1297,127.7607009317616
1298,111.84700754970002
1299,54.189025638038025
1300,54.043188364362166
1301,28.192545081564997
1302,118.4516303831999
1303,60.492109602178736
1304,51.348694656822495
1305,100.58585919513364
1306,55.56437118389583
1307,54.067206390697415
1308,28.35880559079092
1309,137.91207731784112
1310,110.16373068757805
1311,122.05124374933814
1312,53.93864469469613
1313,184.155183021309
1314,53.99875965741962
1315,121.9644714208
1316,53.12244173665064
1317,54.04100000579171
1318,157.0460912432577
1319,54.13505361316173
1320,102.5201964852529
1321,122.15429132538105
1322,111.72145258719536
1323,140.57154570878123
1324,121.99525495812799
1325,137.64813763572778
1326,54.09469635830195
1327,111.93695967165458
1328,115.80176923661463
1329,99.59402941666004
1330,51.07699340865755
1331,121.97220947998316
1332,127.413437502096
1333,157.17127644563425
1334,155.08535374442204
1335,54.14567899389828
1336,80.15926302567901
1337,140.387466373888
1338,150.0011449448716
1339,54.215645867473974
1340,157.3779035744848
1341,121.74744193858182
1342,121.88719996382679
1343,121.62633642738282
1344,121.70936626530971
1345,127.56683156061219
1346,100.71089682263624
1347,104.27834464476756
1348,127.57965302518906
1349,120.62772622220062
1350,54.11069404719464
1351,111.58786300100124
1352,54.00975606899738
1353,53.91256856673556
1354,122.10727345012319
1355,185.68108665969683
1356,121.81002336962801
1357,106.01525583933521
1358,101.75319078670412
1359,54.38360958325674
1360,100.7055255169155
1361,122.18875890257293
1362,54.12573179772716
1363,143.81917409079944
1364,53.95580467208086
1365,121.75607094220116
1366,79.80508377626751
1367,184.13235494803666
1368,101.85952663825903
1369,184.38468429787886
1370,54.24907628136585
1371,137.76264621703308
1372,107.1230223092915
1373,28.117838874954703
1374,140.41253537595395
1375,56.028944160906164
1376,48.28776775800342
1377,54.04452716008986
1378,100.51662713081045
1379,53.90419279725527
1380,100.52129379498334
1381,107.10599253723865
1382,107.0076996633422
1383,53.95623394009869
1384,53.98230458820681
1385,104.28171097770054
1386,54.255534940309545
1387,54.140466123562106
1388,100.79067013272197
1389,53.923052733435675
1390,111.93656154096135
1391,122.11306226478804
1392,121.91528817433982
1393,100.5996384462333
1394,54.08397752418845
1395,60.80012765743599
1396,122.00415632267972
1397,60.64059282963522
1398,54.17938541159124
1399,54.076205840265914
1400,51.8533525321957
1401,51.12717053242525
1402,184.3181539037423
1403,53.96566670518441
1404,104.41759487605651
1405,54.05952852903924
1406,28.083853277557097
1407,111.53852164726855
1408,54.188947957040554
1409,121.98620788219331
1410,96.25506544783781
1411,142.4455200639146
1412,60.49446953721339
1413,127.55716571856631
1414,51.95840741518744
1415,107.27283261436118
1416,122.14747362422125
1417,54.40720679017274
1418,53.977229069339906
1419,54.07000102834159
1420,122.15869010867698
1421,127.65861393524531
1422,54.084810997588136
1423,60.57581302755135
1424,127.628541499531
1425,60.739783389575905
1426,122.02424376686525
1427,107.14254759155524
1428,104.14796868128292
1429,122.01239801047994
1430,100.68941935680074
1431,54.34009693639541
1432,50.37732185904732
1433,80.24256316077427
1434,104.83864262388188
1435,100.7250493172599
1436,121.91392837078375
1437,53.11694707032597
1438,54.269012765156525
1439,100.51572879774838
1440,100.6908858259777
1441,80.19977324502274
1442,122.2235658443113
1443,100.47260664404031
1444,137.63933062563353
1445,122.28842097141187
1446,51.85577561104906
1447,111.79551679051326
1448,122.14739012189324
1449,54.238148447344045
1450,121.77934715504021
1451,54.29694150094987
1452,28.18924109880599
1453,100.6495530848777
1454,140.51872098828434
1455,111.45895445817813
1456,53.862537551183536
1457,80.01747632745325
1458,127.57084801132687
1459,79.79618411126305
1460,60.78449160734164
1461,54.1160082711851
1462,28.0325680707959
1463,53.9464765987797
1464,54.030756396496706
1465,54.18599159870514
1466,157.41651865022513
1467,28.340152061024913
1468,121.83380337304477
1469,42.3354107557858
1470,54.18690160641625
1471,28.133874667601134
1472,80.01829723068735
1473,122.09573790931235
1474,137.3234646523117
1475,121.71803610206278
1476,104.27995852330932
1477,121.84690097570534
1478,140.4229102378745
1479,53.88951498926641
1480,54.10513096036729
1481,121.9789894325455
1482,122.17342920519472
1483,184.00433344070922
1484,157.51293614833236
1485,140.53399918920502
1486,54.26796428582778
1487,54.21755950636383
1488,157.45292382865614
1489,133.40035705774832
1490,54.11737099072821
1491,137.9390443104069
1492,79.91397615327227
1493,102.51415009437481
1494,53.7936040915596
1495,127.6507811313023
1496,100.6492291915599
1497,121.85458707496986
1498,137.67839206235675
1499,122.35487034215444
1500,60.23559499250566
1501,106.94410207633402
1502,121.79554002196046
1503,54.072535867055656
1504,80.3158467786072
1505,28.15593300586838
1506,116.36029078755337
1507,54.070784217253824
1508,53.93217797131416
1509,100.65194721624734
1510,140.90778684690068
1511,107.04229605051826
1512,127.38054502769911
1513,53.904396110281
1514,137.64454316883214
1515,54.25909295388781
1516,140.80720872280872
1517,60.59831765813896
1518,80.0368449537372
1519,17.15535130683969
1520,121.81903073739834
1521,53.77354214151379
1522,127.54914536619054
1523,122.07385146856411
1524,80.04731699826458
1525,111.8267141000293
1526,27.903910281283103
1527,121.77355639219479
1528,140.43209792633618
1529,157.51277017666445
1530,111.96343433716333
1531,127.30072402302501
1532,54.09626034699742
1533,60.78116640786659
1534,121.83439915141747
1535,100.51983628661348
1536,28.017946439896583
1537,54.22374914838843
1538,100.49401009861556
1539,100.20546471956405
1540,121.79315225068548
1541,53.99069325804979
1542,122.15251113896771
1543,121.9299861947219
1544,53.923731023365995
1545,122.17410275598101
1546,60.94875443385993
1547,122.08610808563881
1548,121.9248280039296
1549,80.22267628032627
1550,107.0522448327449
1551,108.22685628901368
1552,104.51823821140728
1553,142.372917214232
1554,120.85727300810677
1555,111.70071791861757
1556,184.2273184661009
1557,121.97124625152216
1558,188.53918099223478
1559,54.23986607447466
1560,54.40455127235357
1561,121.8479203705656
1562,111.6616716367788
1563,54.2553094977239
1564,111.75470038011728
1565,127.69838948641761
1566,111.55536251884543
1567,104.41319632862239
1568,122.0196246658742
1569,111.5013764351353
1570,100.65789760889574
1571,56.17401277652647
1572,121.96152951696213
1573,121.93673625895529
1574,111.64483483452912
1575,137.72133861044364
1576,111.87078731225155
1577,53.88752059268766
1578,104.34728903379767
1579,52.37376752059926
1580,140.72042868465152
1581,28.03082831107209
1582,99.39163162264535
1583,184.14592460207214
1584,60.63278572230379
1585,121.89684367010139
1586,54.04696324082803
1587,121.84610821279091
1588,100.33609064777461
1589,57.298028088476265
1590,54.222592464928965
1591,77.2436855407192
1592,140.4083222027831
1593,53.897207654606305
1594,53.77973172987706
1595,108.22666661282818
1596,100.5746554747574
1597,100.63078360736795
1598,157.4381702482808
1599,54.10805812678691
1600,104.62019663047649
1601,140.50159668722657
1602,123.55320172801538
1603,133.50708530132178
1604,80.16779666259512
1605,137.6983060581188
1606,80.28353744899997
1607,53.757099032029735
1608,54.1317017944221
1609,100.59591665437141
1610,60.87211176810277
1611,118.52245163378278
1612,60.564145279723334
1613,137.46915911541132
1614,60.56356990361004
1615,122.0804032502282
1616,54.14916624340978
1617,140.3525605498529
1618,54.1456873011261
1619,184.4040030257487
1620,121.9748668494796
1621,104.18880117635865
1622,100.6339923060737
1623,111.7207987384741
1624,104.33684398899432
1625,113.38057012036438
1626,60.71815441379319
1627,122.00184252633944
1628,110.16462805846888
1629,54.12125181502042
1630,100.75425679790163
1631,54.300062992943865
1632,53.962883549574926
1633,54.08014698929879
1634,184.24584431896685
1635,121.8529509901951
1636,53.919798898028915
1637,186.84357385989153
1638,137.84195417937354
1639,100.51402921909596
1640,122.27982042604263
1641,157.44112254091328
1642,121.77499300653982
1643,54.08628227266812
1644,104.12852701339976
1645,104.26790610560766
1646,80.18389735234507
1647,54.133666686241106
1648,127.53887400734729
1649,122.04495640231332
1650,121.82453198276221
1651,53.92289076946116
1652,104.3710170981372
1653,54.07825376554248
1654,104.32116995530252
1655,103.83667272943964
1656,27.94569937747354
1657,111.32499383256697
1658,106.99471715639811
1659,54.455898485306285
1660,60.8180123027399
1661,53.71899271951067
1662,120.26298974748879
1663,184.34473891762553
1664,111.89219042778103
1665,54.05625107245387
1666,136.23144557890845
1667,121.9767320859456
1668,121.67887398313721
1669,122.03317529944911
1670,140.84342481419523
1671,54.04344356245238
1672,54.15064147129743
1673,28.298716661259615
1674,53.97580753008556
1675,54.09371493836128
1676,137.32501972735028
1677,53.94756405041904
1678,27.880201759176593
1679,121.30235941332406
1680,54.162951799985585
1681,125.29200012871964
1682,111.80270526111943
1683,54.104618526545934
1684,121.95597371191006
1685,54.04680714223755
1686,137.96505401146612
1687,137.90756564971426
1688,121.99816855762242
1689,29.61451926495341
1690,54.18014597981634
1691,27.947741714316717
1692,53.95778855651685
1693,137.8698083585899
1694,100.84194931849844
1695,140.36546898144647
1696,127.67922527074253
1697,100.88518895538854
1698,59.53938825344055
1699,122.06340720096529
1700,99.87504485310141
1701,127.48726276909566
1702,100.6033827064499
1703,111.81518669373185
1704,140.60305340675274
1705,94.83655573767355
1706,104.21405227038856
1707,121.90877291374208
1708,184.38835597136642
1709,54.152093918648994
1710,53.95102081988582
1711,121.89438791961491
1712,108.43936369415223
1713,157.53926959687752
1714,53.76229528606437
1715,121.99850067598447
1716,140.57074778506342
1717,53.89263354565467
1718,104.37714213661458
1719,140.48797881776932
1720,127.43334087868254
1721,122.15018170569395
1722,184.22388672353685
1723,54.018500468094736
1724,60.76581959443355
1725,140.2408242076829
1726,80.18864387874818
1727,104.57269281120396
1728,53.95376820569621
1729,100.66622106238674
1730,140.4869517064389
1731,100.7088287603744
1732,157.28671926244488
1733,137.7756391334459
1734,121.81270122453292
1735,28.049517523722024
1736,137.7811120349407
1737,184.0536017729911
1738,54.105157872264144
1739,100.60733024171303
1740,49.95629686515941
1741,184.46436648550136
1742,53.931407624070616
1743,128.02451271589115
1744,104.16248563906011
1745,104.39561585372414
1746,137.87053036310343
1747,104.24015381865718
1748,140.52310629842842
1749,120.56170925303849
1750,121.9864922154961
1751,53.98316058217366
1752,54.152471416283205
1753,137.93530510221638
1754,60.616527570711796
1755,102.73589151314083
1756,140.3062849319619
1757,104.53559924490463
1758,100.55227285842746
1759,100.59233968896812
1760,50.939659577655334
1761,53.96628013204635
1762,181.75628846343196
1763,121.84281045033893
1764,122.33611782285757
1765,54.091551328518314
1766,54.02249852147463
1767,28.012886746020964
1768,184.21073108783116
1769,100.89935636871739
1770,78.06281885817845
1771,184.09830180774776
1772,137.783720120369
1773,54.01506584782698
1774,98.59351553527134
1775,184.68648986592115
1776,157.202376217994
1777,27.872210908682526
1778,56.84387784149395
1779,137.92447874203125
1780,53.47431667962996
1781,53.79537510709963
1782,121.86628137810155
1783,54.13810759611367
1784,107.00807334014308
1785,50.21282843012423
1786,120.90207063710588
1787,80.46172730545278
1788,85.61500155585725
1789,184.32216817644945
1790,100.48163208046914
1791,28.013661718032374
1792,27.95467701459013
1793,106.77788769367605
1794,29.278715618089162
1795,98.88099077551847
1796,53.97815962783933
1797,127.3769620048058
1798,79.63490631636272
1799,104.03759803505393
1800,49.687872688417315
1801,60.80767313183009
1802,184.05966008168028
1803,121.7345216720596
1804,137.90921484529215
1805,52.50090686111209
1806,157.15883502172716
1807,54.24618871753979
1808,53.994174412876646
1809,54.08862777011207
1810,60.5807894189543
1811,118.97443705417894
1812,124.15305931801849
1813,140.50708215519018
1814,27.911261555400554
1815,111.75771526612857
1816,127.45343983545453
1817,184.14069921876185
1818,54.07503685777778
1819,54.141326850595256
1820,182.89497703495502
1821,53.87057078312315
1822,157.05289114002426
1823,100.20235783366147
1824,54.09426675762378
1825,121.62391578684779
1826,140.50082917183224
1827,49.20121667951447
1828,80.15914035487614
1829,182.22429479801377
1830,54.038014840008636
1831,54.014390780732434
1832,121.89803636551528
1833,60.63739927529502
1834,111.60850527825319
1835,54.02641804697496
1836,124.56345866186916
1837,120.21582098632021
1838,127.7062086955272
1839,121.77378472304369
1840,53.86320198601179
1841,137.83866252193963
1842,54.24798859213417
1843,54.13251417604022
1844,157.45061909324212
1845,121.77495201303174
1846,137.9700508176795
1847,54.11929810145118
1848,119.34225978803714
1849,136.34832638607358
1850,121.90011004621073
1851,52.96968097357242
1852,127.6215718994884
1853,53.8828978833636
1854,107.07702252058495
1855,140.86116450357423
1856,54.32167311441189
1857,53.945743573384306
1858,28.201262884313078
1859,53.95086467664619
1860,80.06793776991006
1861,121.96750645681375
1862,183.15159853151823
1863,100.37653493034999
1864,54.32141892060366
1865,54.22619221425727
1866,121.67649208310297
1867,53.97327927042904
1868,53.903397064342016
1869,24.022892480182918
1870,100.62014203641701
1871,77.99217141491502
1872,51.065614931866975
1873,103.25532995277553
1874,54.08520563342121
1875,137.62135115093193
1876,137.60845599783337
1877,53.257398207452546
1878,138.00508123172872
1879,157.4002163022402
1880,54.950200548504085
1881,27.87742022940917
1882,121.98635837264824
1883,54.2131471240922
1884,184.37298518193003
1885,79.8549558823858
1886,53.77284818534836
1887,54.12410007872339
1888,54.24899068085978
1889,123.49964770686167
1890,54.28044310055542
1891,53.781604190611255
1892,54.27298729279652
1893,107.12537913372063
1894,28.194767376759735
1895,80.16618900003603
1896,55.57284790513033
1897,140.34279785597357
1898,122.18076687281804
1899,127.75022227209742
1900,121.98937841404602
1901,104.55601450541421
1902,121.74013431954371
1903,157.1151066509045
1904,138.0263321713817
1905,121.8436142665357
1906,182.66693966239922
1907,150.56114935037547
1908,120.86465652243324
1909,54.19729256092982
1910,157.37873797309604
1911,139.1176363886986
1912,53.431246161157155
1913,54.140698516544255
1914,54.21300379835129
1915,122.01835212317732
1916,140.63001434950246
1917,137.74000313484598
1918,106.94680440233617
1919,184.48676446417633
1920,107.07633815612647
1921,53.973187839972454
1922,137.63705590520385
1923,60.452193921081225
1924,54.14513383073754
1925,121.8816109389699
1926,104.09589521698605
1927,54.21068805189148
1928,54.154889729953
1929,79.90461815407302
1930,111.88076124073514
1931,54.220995313259614
1932,137.7602709081892
1933,157.30613808391544
1934,53.730059713237765
1935,140.58686269450294
1936,54.25831882264976
1937,107.12824347084752
1938,100.20414896278805
1939,80.0968412104104
1940,157.2635094590657
1941,111.69185661167532
1942,54.13995654875557
1943,121.63786074023811
1944,100.66254778039492
1945,140.64900058862668
1946,140.2844732694905
1947,55.3164456807955
1948,80.25262629627088
1949,121.9302679747868
1950,53.93273452554918
1951,100.51512044972623
1952,104.77757232239846
1953,157.46714580146784
1954,140.58712315853666
1955,104.61683882214793
1956,80.27643872109265
1957,140.57340732892743
1958,54.115937867007446
1959,122.1496808084639
1960,106.80490305011857
1961,52.97078226170455
1962,122.21821166994246
1963,54.33495324018882
1964,104.18469626305752
1965,107.36292727589655
1966,80.0411615413458
1967,111.6549340003902
1968,127.72260872965606
1969,54.26836790188672
1970,54.25968920208539
1971,48.513168930449055
1972,122.30537637137462
1973,54.20881158618118
1974,121.9983967710199
1975,140.43780261137255
1976,121.99368195049307
1977,54.160105130229326
1978,121.98231189471193
1979,184.0191002221966
1980,184.27832694252018
1981,100.59856508969476
1982,137.81536197699148
1983,184.03545162049758
1984,100.21053319994314
1985,79.90667874091146
1986,121.7345929918465
1987,106.90272209624149
1988,22.95668045780624
1989,54.03350555631234
1990,54.063080836497754
1991,53.95498026665155
1992,137.61099662018333
1993,53.97791417856693
1994,142.11282989595688
1995,53.82360075666694
1996,111.89443772445615
1997,104.21065775640939
1998,135.4638242675547
1999,54.26066224487167
2000,127.43372382788853
2001,53.76373280802574
2002,54.165996599468606
2003,53.89321319658681
2004,54.06870705985417
2005,54.05509421417675
2006,111.96919295080143
2007,54.85754307860557
2008,122.14205092201566
2009,183.84138019039267
2010,28.308099740687318
2011,51.212567287028875
2012,60.32077707404282
2013,137.65814765318652
2014,28.12530281306273
2015,54.07461089418966
2016,54.37170548508279
2017,48.973810517746806
2018,107.5536061021272
2019,140.84610694848777
2020,60.37931933382948
2021,140.53470704670494
2022,122.01356250023409
2023,122.2152666813958
2024,55.27477291305816
2025,80.11891636692025
2026,121.99023035501861
2027,137.33986314789564
2028,28.28081308296807
2029,53.80279893250484
2030,125.08751119611281
2031,137.94508683448646
2032,111.7034211012107
2033,61.256207697180926
2034,111.73458972127511
2035,106.55127714848405
2036,138.0323320524449
2037,27.806769830216044
2038,127.56978043827499
2039,54.02253345760271
2040,96.14844992369326
2041,53.87548971846412
2042,121.99872018945412
2043,105.84680910131436
2044,184.2729965149597
2045,121.56931753487811
2046,137.66037134269206
2047,121.7188799840619
2048,104.26210424286057
2049,111.594365403282
2050,100.29803795771755
2051,54.02246429958524
2052,55.85281612161806
2053,54.213690247770984
2054,122.1897813785212
2055,140.55485740925582
2056,100.67478907304879
2057,107.06761400967537
2058,137.82415717476218
2059,54.011784430670176
2060,78.56996296221187
2061,111.6659428830749
2062,60.73392909618888
2063,76.84037013760774
2064,184.35969785476695
2065,100.86168749545554
2066,56.913475478905035
2067,53.989058686378826
2068,122.31519051569036
2069,129.51767966027515
2070,121.90729991377778
2071,54.21404714422354
2072,100.38356144825664
2073,53.89488062973489
2074,122.03416477358141
2075,121.82766493892596
2076,121.97092820612845
2077,122.12859949904977
2078,111.75989816384053
2079,137.89784463289303
2080,54.88677048835759
2081,54.00566012996279
2082,100.65567382384454
2083,122.01670793898968
2084,54.02430754400814
2085,54.043846263088234
2086,122.0623735214818
2087,100.85851994128153
2088,121.84615834877133
2089,104.5393977599076
2090,184.5246564292702
2091,111.68065098125275
2092,122.18326098407115
2093,54.2899815472305
2094,54.10320948627826
2095,54.23079717415615
2096,54.65293723260208
2097,111.53532612247521
2098,179.02146270543918
2099,137.64792064916765
2100,157.15349227848736
2101,28.172787439070177
2102,138.0361918133562
2103,54.31615263761464
2104,60.65896817079891
2105,111.6828769978399
2106,121.83979937470265
2107,121.91348559052403
2108,106.69427628395448
2109,54.05585399763741
2110,121.61934940317889
2111,27.86927588519337
2112,121.70284049242633
2113,60.6520605615219
2114,54.43000097722926
2115,60.43693799518335
2116,28.24975260059662
2117,156.7936249834153
2118,53.90063080357155
2119,27.291972211105218
2120,54.22668115969404
2121,100.67921594807977
2122,112.58301587845693
2123,122.1891359617112
2124,184.19592773050138
2125,54.11746368954654
2126,121.91340122280155
2127,80.38536852826893
2128,54.20837433589342
2129,107.0421727950404
2130,60.64439007457829
2131,54.11719354798764
2132,28.005194415214962
2133,60.74932535605559
2134,54.09318297088177
2135,54.18666278995566
2136,140.64493477362194
2137,157.30042349136988
2138,184.13438724555726
2139,157.08294791959838
2140,28.064591254444103
2141,54.18614194436451
2142,55.54777695176754
2143,51.189534307825745
2144,121.84206511098438
2145,112.20347638881951
2146,80.0407993846449
2147,54.07612877126222
2148,121.73399746657165
2149,105.65073251015565
2150,53.86505799850729
2151,121.98299403847544
2152,53.950854577166346
2153,104.37154391816777
2154,178.93564839036307
2155,102.74110751794157
2156,96.48776553179951
2157,107.05763477448883
2158,54.18323288071866
2159,54.223250787256774
2160,122.66211224087256
2161,120.33144746023099
2162,122.02136887406022
2163,115.24929946943051
2164,60.71754716437156
2165,54.24269313139096
2166,54.29662649374038
2167,122.48901028959544
2168,54.016352953353206
2169,106.98633913534557
2170,100.95647995755226
2171,54.35409274791448
2172,54.19945775813165
2173,54.15955947347415
2174,120.19843671000052
2175,53.912541480331804
2176,54.23047778012851
2177,137.79266095567144
2178,107.14882447221113
2179,184.13069330924498
2180,53.85212153005287
2181,53.89349638874409
2182,54.0030815059238
2183,54.02706630892797
2184,127.44902766936339
2185,184.37358129569495
2186,124.13768230685741
2187,54.17426041327169
2188,54.12867664726269
2189,124.5747142494863
2190,100.40544039802607
2191,127.63445500904483
2192,121.88273557014278
2193,54.149955075955525
2194,135.760996998217
2195,157.28847504693562
2196,121.90569557410392
2197,127.66418986106164
2198,101.08360222297468
2199,100.71283098400009
2200,60.59467923045631
2201,121.63592571069363
2202,54.10306351750798
2203,111.52219124688042
2204,54.17380836462216
2205,121.81343660330158
2206,121.84590519363834
2207,121.76273961612084
2208,122.05603862908113
2209,137.8934138373508
2210,137.63221782198417
2211,100.51945281101558
2212,54.30526189734537
2213,54.27113418100025
2214,54.03894895151349
2215,127.45052488646888
2216,54.1590999033764
2217,117.77221792872785
2218,183.97623262033224
2219,54.130900596765144
2220,121.91698713028782
2221,55.65988405718336
2222,60.5379316143639
2223,54.07817916134523
2224,111.89082994525364
2225,54.337595939463064
2226,100.51664876683311
2227,54.18729676573084
2228,54.42658665200955
2229,184.17468173876406
2230,111.77243432045094
2231,51.257425334749726
2232,100.50456791566279
2233,54.18474636278405
2234,104.03413865392915
2235,184.20520438466446
2236,111.79730091366821
2237,54.229024545424814
2238,121.89986908178022
2239,103.86714330198296
2240,100.39641480503548
2241,140.47386164000596
2242,157.2800190529265
2243,54.131701796029624
2244,53.931409267644604
2245,54.10746667330239
2246,99.00720500561575
2247,100.55094112112958
2248,53.959879013758716
2249,54.0773896057928
2250,54.10103643139062
2251,60.37530520552258
2252,157.1921107159443
2253,106.01120990340264
2254,121.96803721169898
2255,100.64179546195626
2256,111.84963736142447
2257,28.091794994538347
2258,121.87321823826434
2259,121.99902191515955
2260,100.77919502247518
2261,54.012754275146655
2262,54.21364595953737
2263,107.2034832100744
2264,54.211629111454755
2265,53.881349326925275
2266,121.75557416211831
2267,103.71407805464906
2268,54.24330435675067
2269,157.14672219419987
2270,184.25078914206335
2271,137.8971672717094
2272,100.70396278568526
2273,57.382328616418356
2274,54.26555947866173
2275,122.04329485718526
2276,107.34803233279433
2277,54.05471837907907
2278,100.52887385397929
2279,50.932741427553644
2280,54.14052916595059
2281,80.23140925629707
2282,54.37750234517206
2283,130.94671319151013
2284,95.9752757094671
2285,54.21401654226339
2286,137.96346249260623
2287,79.98681768879258
2288,121.94636438993314
2289,122.02969722251802
2290,157.3963009927906
2291,54.36467356722085
2292,54.19029106233466
2293,140.41937449801546
2294,100.22620046994754
2295,121.83992909325848
2296,53.98784991436727
2297,119.14467300163454
2298,102.71811719206256
2299,50.92648995263185
2300,54.001881328842224
2301,79.87961405694053
2302,115.68743096966216
2303,104.45819134816647
2304,80.06435775804141
2305,121.812824783334
2306,121.90296212910242
2307,122.02866341910246
2308,121.75814260287562
2309,100.49281173952212
2310,111.59101513040831
2311,189.3341515621375
2312,54.255594644875714
2313,28.190268276442616
2314,54.33922059378597
2315,127.64378025298785
2316,107.1958162524263
2317,121.90913351589153
2318,124.35287270871133
2319,100.54438538014384
2320,53.935982825994486
2321,121.8574756593605
2322,101.56657325850374
2323,127.59997956263274
2324,54.40592287649955
2325,122.08735842687186
2326,110.01216329863006
2327,48.35908113687935
2328,140.52580417042972
2329,27.91003498442976
2330,184.33296134569756
2331,54.08612491802478
2332,121.76696659767079
2333,54.039599081909486
2334,54.237918260506945
2335,54.328756562082525
2336,51.094887272504224
2337,111.59597403633066
2338,121.29275523548121
2339,54.101395385311044
2340,137.68654670129985
2341,127.26226545239354
2342,54.147922671551946
2343,54.12495521115826
2344,53.94532195897154
2345,104.55743968025324
2346,46.30032645820741
2347,60.703081182835554
2348,54.01280172673173
2349,62.28655603961902
2350,111.57895310749575
2351,54.02801381794492
2352,77.30398750595302
2353,54.148421974538145
2354,126.79435421168024
2355,100.91989912643459
2356,54.135761915224634
2357,140.45874981085933
2358,100.79531266789044
2359,28.18308582133963
2360,50.15259059687503
2361,107.01751573453257
2362,104.43879572988999
2363,54.205601498575085
2364,100.4932685777874
2365,54.339400427626536
2366,54.071502485564125
2367,104.95928692846728
2368,157.22761791169233
2369,122.05609796642908
2370,138.39525237696265
2371,100.4862666001003
2372,127.76731885985038
2373,54.11109965970983
2374,100.47001311533121
2375,53.92286284428492
2376,28.165355463147943
2377,122.00823741513686
2378,155.0389293543115
2379,121.91902249435387
2380,111.63200905015708
2381,54.14652133357041
2382,103.749718743688
2383,127.883189738406
2384,54.34867334744364
2385,122.02092190507565
2386,54.13988921256999
2387,137.73327427854667
2388,137.6851708982193
2389,60.89319905245879
2390,100.66236582936399
2391,121.92795115174444
2392,100.41822759500809
2393,61.08369640355405
2394,27.907197821923933
2395,54.25819221474629
2396,54.17553696086807
2397,60.631781930266335
2398,137.65592980715525
2399,122.19633968881188
2400,137.83386637621442
2401,121.92173191502206
2402,153.77098929898486
2403,51.899506984996435
2404,60.50411065105182
2405,54.19619603540475
2406,100.22417652640009
2407,137.67781665679198
2408,54.081557200008966
2409,100.80067947220131
2410,127.632784457063
2411,122.6660560938901
2412,156.97738449381572
2413,28.168750611630628
2414,132.8515297010423
2415,128.82579864031516
2416,52.88030799541211
2417,140.40702151964817
2418,184.16092618739384
2419,100.66210876551561
2420,184.52036217436364
2421,179.53159476484862
2422,121.76830190940129
2423,125.21210977994377
2424,54.31790158262074
2425,80.5136223450801
2426,28.103852932096896
2427,80.09113900816541
2428,54.45495172989726
2429,79.43309849920523
2430,53.98691764824727
2431,137.80471899711102
2432,122.02880609111259
2433,54.092237805558895
2434,121.92817468510947
2435,54.312038517012304
2436,79.71124351626699
2437,100.69100399774527
2438,100.35129749668455
2439,100.50452228833205
2440,106.96513105278918
2441,121.96657464725419
2442,54.12638243541943
2443,104.39933255261109
2444,54.1676657645308
2445,122.0037714925909
2446,108.09032844567965
2447,100.84519713983951
2448,141.00362384351496
2449,121.74480515353928
2450,107.18676295678597
2451,184.39936036475993
2452,137.68481008934808
2453,54.071813410800054
2454,107.14192171119888
2455,104.28670644923803
2456,120.25609543339128
2457,53.874128320932336
2458,121.86206470051124
2459,27.97176836241194
2460,127.64983556163631
2461,104.4844327149936
2462,28.00770735161663
2463,58.963243790191314
2464,100.47608521881234
2465,50.854607743332785
2466,49.77812301297208
2467,54.210491451519616
2468,52.457659458221656
2469,54.02684960409482
2470,54.171523448416515
2471,100.51349592565073
2472,54.23496451807779
2473,111.60520949305166
2474,121.79056291742624
2475,100.64690881776866
2476,27.971697396117005
2477,54.068855090644696
2478,54.03874125078012
2479,111.63493692976826
2480,54.28782588845238
2481,54.08211896638209
2482,100.98483215704857
2483,111.72181172688464
2484,27.83627215477046
2485,122.07676932659113
2486,80.14307043266345
2487,80.09757594562471
2488,52.81299458527236
2489,140.6585037159376
2490,100.70904087783455
2491,157.06175040653417
2492,104.11276374082998
2493,140.24383673087456
2494,122.16230643440885
2495,123.23300399996906
2496,60.75544963939552
2497,107.17055275959144
2498,54.12259141757198
2499,52.07551842877216
2500,54.14127682570355
2501,54.10204042774565
2502,80.02805987959604
2503,121.98433003914604
2504,121.79523701521833
2505,49.36872450067825
2506,53.95661769896264
2507,122.16217809721995
2508,54.11497116570242
2509,121.86535157829451
2510,112.55429010230158
2511,54.00436916674307
2512,54.16973823698742
2513,136.597769852214
2514,100.44506566537973
2515,54.03027394857208
2516,103.88369977911488
2517,44.398762629625885
2518,48.8208162770785
2519,184.05569861027368
2520,54.06351735306105
2521,121.84447439479244
2522,127.45198754737741
2523,54.06731533779397
2524,157.54014140584482
2525,60.36590189895309
2526,54.15294676482298
2527,100.92475886423843
2528,121.96457484321478
2529,100.48969260547861
2530,111.60279609140115
2531,100.83831444008337
2532,137.7067347460603
2533,104.22041267755348
2534,121.69481529840309
2535,104.02752561382202
2536,102.20193779256678
2537,111.68242161969579
2538,104.63917862851675
2539,54.22297851736513
2540,100.4428254518073
2541,60.86904903834329
2542,184.22499347240287
2543,54.075510218409505
2544,127.71584320266318
2545,184.10755775216325
2546,139.90272178306034
2547,54.128561554341736
2548,121.83710658287383
2549,127.5694361960753
2550,54.414172338831
2551,137.0255816655473
2552,121.60549780146867
2553,51.64407827349427
2554,54.20623505924006
2555,137.58680231947218
2556,80.350269568823
2557,124.3937554530156
2558,104.34611629850083
2559,27.87372459203302
2560,122.04493572645261
2561,54.13951906589736
2562,122.1341239378376
2563,122.01015058705667
2564,54.324381045199516
2565,103.49536176820861
2566,108.45572705681201
2567,60.771173451690935
2568,127.56816097085829
2569,184.41487749012902
2570,122.12561082079476
2571,107.62845622192522
2572,54.07762369958058
2573,127.87699461569409
2574,121.55773908282211
2575,140.6891771153277
2576,184.26171250445114
2577,137.79585105331137
2578,101.4233632544395
2579,54.135725231807456
2580,140.36520380046744
2581,107.23605111702717
2582,100.4329146701605
2583,53.944888637623805
2584,138.11771001194853
2585,106.20363746030853
2586,183.93266070130593
2587,184.32278848751858
2588,132.2974261335592
2589,80.15156094113307
2590,51.970354104106946
2591,140.68873418146296
2592,122.22745748720924
2593,122.0493643496573
2594,121.92443543425327
2595,53.94776187765797
2596,106.93176731738289
2597,98.64407572506536
2598,27.902299236314484
2599,123.89792304792006
2600,54.970012141409654
2601,119.27877113534296
2602,51.804427442360584
2603,157.31970990788048
2604,54.048970853448665
2605,50.28589046601476
2606,29.240357048354646
2607,54.15835201690809
2608,60.79509780670493
2609,104.29541606912619
2610,54.45248277991893
2611,157.34273283756482
2612,54.33205597657475
2613,54.15548804461359
2614,100.60489336705403
2615,54.152227197709486
2616,183.93098044532448
2617,75.61647151309916
2618,111.80212152777217
2619,55.493130755960564
2620,53.85394969797163
2621,54.094635362833735
2622,104.51483933180658
2623,99.64081742390452
2624,121.93001875725734
2625,137.78716933675662
2626,53.96372663167178
2627,53.93978523943819
2628,121.95637070195266
2629,54.28231499927138
2630,29.859143861292427
2631,60.629541097199954
2632,102.00589686181802
2633,54.257400230242226
2634,60.45935907783303
2635,157.12305019619956
2636,53.87571173366378
2637,106.96577802106319
2638,104.2923697151254
2639,153.37627004112235
2640,27.794011306172486
2641,157.4574266635496
2642,54.147058702104815
2643,121.70271856054035
2644,54.059477365091176
2645,140.63223096058817
2646,111.85477790687989
2647,50.42362625336685
2648,107.29882102826635
2649,54.104252878381715
2650,54.14094022018465
2651,184.1492595418756
2652,111.68504430228631
2653,127.32052297082961
2654,100.56205118874718
2655,183.90250274291117
2656,108.01382456649307
2657,121.9910587624918
2658,121.716701035782
2659,100.2640857981646
2660,79.892984497954
2661,54.32588637213392
2662,49.920928135564445
2663,111.75663928187606
2664,106.83296759863208
2665,137.84807682397613
2666,121.72787916638845
2667,102.1881625661723
2668,134.94035284787307
2669,126.72911819857949
2670,59.6076637837144
2671,140.63836475619388
2672,79.8796396856341
2673,127.71232026234925
2674,104.63163049795467
2675,121.95901823016105
2676,54.068072435703314
2677,28.224388400411698
2678,53.95509994572675
2679,60.34108757793506
2680,54.0802815446624
2681,51.5965170954521
2682,138.00637825838402
2683,104.39881681690939
2684,54.075244752777614
2685,106.92830434026607
2686,121.74864234108317
2687,54.698278186263394
2688,96.4405024912259
2689,54.17072413565897
2690,100.67292611881864
2691,53.96875335779203
2692,54.13113702780439
2693,127.24261713947098
2694,28.020775789721156
2695,100.86693735476668
2696,54.3810015310209
2697,60.53514525441301
2698,123.3099648372897
2699,103.99145478556666
2700,133.42875025849574
2701,137.67983923965716
2702,150.73241485618485
2703,107.09577378292066
2704,100.59077812427921
2705,54.00787134368106
2706,60.34204776517599
2707,111.55853651593232
2708,54.07272342409299
2709,122.16460169386686
2710,121.82384522511951
2711,53.948237073863865
2712,54.044965857206876
2713,121.94721640685722
2714,184.22749969691097
2715,122.02671374115023
2716,140.58302331457296
2717,111.55202529793992
2718,127.57163576125826
2719,137.93694770541484
2720,53.8661873237496
2721,53.858280996849835
2722,157.05677044301
2723,140.58923974638117
2724,50.0719615645043
2725,104.04610177138834
2726,102.50875702121522
2727,53.86726275573743
2728,104.33645461221614
2729,140.4894763000394
2730,156.86068895790706
2731,139.41241087480418
2732,127.39064782817364
2733,53.89743446830845
2734,54.29845985627589
2735,137.73149752513163
2736,184.08351952386738
2737,121.84836336381646
2738,54.33329997519066
2739,53.375132916987106
2740,104.20826493313805
2741,184.48684214348629
2742,140.671552164528
2743,28.050337495493114
2744,106.81572407797891
2745,25.209847514464784
2746,27.97926144467275
2747,54.14935286319407
2748,140.35366750046214
2749,118.35997485957013
2750,121.91138014722868
2751,137.8403843592762
2752,100.71515251261309
2753,140.53874607217026
2754,53.56212778429292
2755,137.49150892913974
2756,107.03722953434918
2757,54.40138435767118
2758,104.46764322373257
2759,121.84793779886867
2760,121.86051334628746
2761,54.29355037338449
2762,47.958899895902384
2763,53.85905879853686
2764,80.28668524599878
2765,121.89597800190062
2766,50.83180515242671
2767,54.03025642075012
2768,107.11244074561144
2769,107.0888657761744
2770,112.05684604719285
2771,121.92444991154979
2772,121.99077755245175
2773,74.3663150930804
2774,100.28166448535988
2775,139.01316514482235
2776,100.57618765670647
2777,54.10039814816724
2778,121.90755209284437
2779,122.03410259745544
2780,28.064649299813464
2781,103.89721139756348
2782,54.679998192806494
2783,54.16946940665987
2784,111.6105512953186
2785,80.09537056879904
2786,63.8571567455901
2787,54.216423246564666
2788,121.67464985254182
2789,137.90157844340033
2790,53.940784324260754
2791,54.04066499235803
2792,100.66271112757595
2793,100.47856039089692
2794,100.66696269106977
2795,100.38340025842957
2796,28.216594301308447
2797,121.53631602246737
2798,101.12573316520815
2799,54.0287230365055
2800,111.72524528610447
2801,135.13523503509603
2802,121.838522656718
2803,157.44648055319357
2804,54.19589292306625
2805,108.2648291235327
2806,47.37971372895212
2807,122.53906601337266
2808,140.5966561629192
2809,121.85506763691566
2810,121.98948622634546
2811,53.80444816308922
2812,54.31762523267486
2813,112.0099091468164
2814,53.90814724844147
2815,100.72028855647059
2816,121.98061462109244
2817,60.37637990720571
2818,54.21648582336681
2819,60.62246376843435
2820,100.85313721945786
2821,54.401823689939754
2822,121.64964970474125
2823,54.1936820078267
2824,121.7511493293532
2825,101.48458770681894
2826,54.10871641180692
2827,122.14271411725416
2828,49.49487706177349
2829,100.42706485879205
2830,121.99486139066646
2831,137.81418223805875
2832,53.892746113838164
2833,107.09960918950433
2834,54.071198294907276
2835,79.66606902722961
2836,118.53589477491165
2837,55.320264572131215
2838,127.95046396677391
2839,53.900854394940126
2840,79.97928521359746
2841,54.21510703948777
2842,138.0437807611685
2843,56.32354498170253
2844,54.52128004671463
2845,26.368997435963788
2846,100.61633726609158
2847,111.61935885749558
2848,28.193527154223926
2849,54.18769999803129
2850,54.20282004183912
2851,111.7544705317626
2852,121.94679106296601
2853,28.046648253464593
2854,53.959625867996174
2855,53.82624912347477
2856,54.12642028238655
2857,95.05599790157301
2858,54.06619466534382
2859,54.11526574876245
2860,106.94166957996813
2861,127.57326073126046
2862,54.4822103170769
2863,28.097869086555395
2864,119.04677462511471
2865,127.46778769697309
2866,54.372254932586834
2867,104.3060340597688
2868,60.73439960073691
2869,137.48514799535053
2870,137.88585105676955
2871,121.96370193217801
2872,54.330968789409454
2873,54.04855475596516
2874,53.919061080247516
2875,121.71211522641183
2876,80.08921300089928
2877,53.958285000653866
2878,80.18680918924083
2879,54.79062077495231
2880,121.83361448164672
2881,140.4029775645863
2882,78.83730849344145
2883,54.10093191571862
2884,184.21447783436935
2885,54.38872320787428
2886,119.12610601641201
2887,54.34398666315704
2888,184.22555761156408
2889,141.1821657690053
2890,53.95030510124731
2891,127.67307380791766
2892,53.9137298583181
2893,53.952464256866
2894,54.1186111521802
2895,54.1903135667842
2896,121.74227009542943
2897,137.49222255647632
2898,111.79624528638888
2899,157.22899192450055
2900,80.0176592511929
2901,111.7834824092816
2902,112.04245802106718
2903,111.56286894547657
2904,137.7061637483945
2905,100.52884214901493
2906,137.86369338995908
2907,54.01898249593671
2908,28.027371139345245
2909,137.88630563518197
2910,100.78623003335507
2911,139.11978305820935
2912,184.38741110998487
2913,107.09569260056736
2914,27.95830616236679
2915,100.5749668309861
2916,52.89411308708484
2917,54.4533962682205
2918,54.230138156265404
2919,54.20489173230253
2920,27.25661357606795
2921,122.01957943574268
2922,52.91736683282182
2923,157.20753198411126
2924,53.80764115134349
2925,28.02224360863419
2926,98.27962979013702
2927,184.36376667100762
2928,100.64815553596108
2929,54.11619310977477
2930,60.845609269239205
2931,54.168860552794285
2932,121.92145732408306
2933,54.1092238445245
2934,129.0267357668867
2935,100.56725021895409
2936,100.6561943673539
2937,100.65746897560683
2938,80.16348949616973
2939,140.60404196183862
2940,54.24415246330761
2941,127.70748861750437
2942,54.10868229386438
2943,122.09962700626063
2944,127.62541568623247
2945,107.84529383864692
2946,53.97568756174009
2947,97.05109138088999
2948,54.316316720419636
2949,137.79579833107482
2950,137.8681988272448
2951,80.29166053634485
2952,140.63485769354952
2953,134.29596844687362
2954,121.77376128924301
2955,121.77170697974991
2956,54.052701878453426
2957,122.12820982912233
2958,54.21429904670338
2959,122.04855903313216
2960,54.22026246426005
2961,111.8931271099997
2962,53.99938996203817
2963,126.46427263409936
2964,28.171302633267747
2965,54.26693709435788
2966,99.16765786993034
2967,111.75405486131378
2968,122.12998824851726
2969,81.04746362736489
2970,54.01763139745268
2971,54.3270029676133
2972,140.18960298999409
2973,80.17226441130168
2974,111.93488859255626
2975,54.17782906777853
2976,135.1212470401408
2977,127.64971223345817
2978,100.24631513407513
2979,103.94672550778769
2980,121.71342282026491
2981,54.25094224393656
2982,100.55308152636952
2983,122.19736889745128
2984,138.02084077307256
2985,55.399317819401176
2986,100.78903291548673
2987,27.985903363593703
2988,100.54198968756526
2989,100.62801485194665
2990,184.20423575489713
2991,122.01034302848745
2992,121.65660995125928
2993,54.32264900243624
2994,54.379113622197096
2995,54.29012933448074
2996,54.309005693363126
2997,100.55102124288882
2998,122.13771621941557
2999,54.040487518480255
3000,100.29180246384013
3001,157.20159956137033
3002,140.69492730044362
3003,61.01018641985357
3004,134.52950033762482
3005,28.138808869476122
3006,104.41836904396972
3007,49.35732313080585
3008,48.82314589073916
3009,140.5114481485699
3010,54.16375047188871
3011,54.05373165810375
3012,79.82880735608082
3013,80.19563585718139
3014,97.29311702097208
3015,51.00774819184655
3016,121.83636932059605
3017,140.56379603506232
3018,107.0871124896074
3019,140.76975092299512
3020,121.99725711013006
3021,121.8887677033039
3022,54.02600358345894
3023,54.109069392255996
3024,111.57707171862957
3025,60.5265126742287
3026,54.04902133730149
3027,157.14441992893913
3028,27.78887081678154
3029,127.52713204870456
3030,184.28213520734815
3031,122.03936199046544
3032,100.66903728383339
3033,111.93750726966947
3034,140.54007141670385
3035,54.23544027153958
3036,80.49214594225904
3037,80.0333247907932
3038,28.18246464430763
3039,53.804478068437945
3040,81.57792429407634
3041,54.29895470355664
3042,116.85353677406255
3043,121.42982244364063
3044,127.7493194992765
3045,54.35182872750967
3046,54.13496253346708
3047,140.5143625036855
3048,60.68760962738433
3049,122.03031385854746
3050,104.41849842407784
3051,104.2379367911648
3052,54.210573092286644
3053,104.27566917177967
3054,122.23784372200508
3055,115.95183641674026
3056,54.40600178129537
3057,53.902296861472806
3058,109.9505290790003
3059,54.14057209157276
3060,121.77603426826438
3061,107.09393933404706
3062,100.47878284618679
3063,54.04821397283439
3064,122.12803960329391
3065,54.024371300028
3066,121.8673274339601
3067,54.44686498753496
3068,184.5796164258369
3069,138.03159789342192
3070,155.53202593216318
3071,54.199494489711135
3072,122.02555127806099
3073,54.05377059359421
3074,118.46302926705461
3075,157.54334133859393
3076,104.47259371184042
3077,127.42891764769351
3078,121.05418218268711
3079,122.00275703103333
3080,121.75077950275363
3081,137.7472333007816
3082,54.30917226917872
3083,49.98623200073738
3084,157.27514320742992
3085,53.956444020999186
3086,50.47931748996507
3087,107.29702003290132
3088,54.212636631408216
3089,127.67944330613648
3090,121.83911894384734
3091,122.25731180021859
3092,121.97732073310537
3093,28.01928216502282
3094,122.01079152300333
3095,28.081740297259657
3096,60.56323330431238
3097,53.965484576075994
3098,56.42669179818905
3099,111.79477450992717
3100,137.62664989818182
3101,27.97602452791596
3102,100.64295820874229
3103,184.1665040402821
3104,97.35278465495423
3105,60.954971373183135
3106,55.48510715055885
3107,121.672808990934
3108,157.1956765888087
3109,28.11759016336777
3110,157.279482838875
3111,136.53641767506767
3112,136.32220897720626
3113,154.82707047699716
3114,144.7452523056419
3115,54.06819243074668
3116,127.34911815513041
3117,184.22746036928802
3118,55.74456004794899
3119,54.194888824198934
3120,54.1351802872625
3121,184.13705370819147
3122,54.11906805279254
3123,80.19154512256405
3124,53.935349664498986
3125,157.32455353675462
3126,54.1882354835933
3127,127.69210732350513
3128,60.742334239887626
3129,80.10052656382325
3130,54.22238798782633
3131,53.966801241356585
3132,100.73548290683611
3133,53.979582457220744
3134,28.2369203934526
3135,54.227886632302976
3136,101.07038118538784
3137,137.0536520260835
3138,28.120293784388938
3139,50.064706050694525
3140,54.04609606041232
3141,107.10434668195197
3142,121.78215918617454
3143,132.65908308755354
3144,79.92293686576173
3145,80.19739948339479
3146,54.14879896054387
3147,118.84515878323782
3148,140.44230179641943
3149,54.00565587412867
3150,53.86274477892449
3151,27.801563587106585
3152,139.11479905064067
3153,137.56774573297483
3154,100.4905588217556
3155,121.97325634786887
3156,53.98600654537762
3157,54.21177910900644
3158,122.04773762634431
3159,54.30677668847334
3160,100.6347466532546
3161,54.14986818501563
3162,121.94926400816362
3163,104.4958838589821
3164,54.23989820199913
3165,132.52947686911747
3166,121.33309274475538
3167,127.59926305759966
3168,54.14622680452124
3169,97.89975502573763
3170,111.84649712607428
3171,54.200050286115676
3172,121.80589751635794
3173,53.904994769256426
3174,54.11656232282841
3175,104.35438464496805
3176,104.30061130582321
3177,182.49685024732239
3178,111.729818600533
3179,60.959845606869074
3180,140.51635255963956
3181,76.24792266087724
3182,107.08011421202436
3183,122.16291296593786
3184,46.22945745591823
3185,184.21055822003777
3186,140.439119457838
3187,54.20123634212772
3188,54.23587229955614
3189,54.17944232016711
3190,60.6728088438214
3191,137.83856771404777
3192,121.68632040203286
3193,122.14256883686575
3194,80.14180580956419
3195,54.307066936910154
3196,111.64474244954799
3197,122.23181755910345
3198,184.0809221200067
3199,121.99442207843283
3200,121.84688740128672
3201,184.35003626212796
3202,139.87607111951596
3203,117.58831007040021
3204,54.213559049982806
3205,107.03911773715774
3206,54.01744014807899
3207,54.206819842585304
3208,182.3723256539732
3209,53.947224633876075
3210,108.8055936421319
3211,118.17879986159605
3212,54.18827858411659
3213,106.8619771628077
3214,100.50655462219243
3215,53.94491557821727
3216,54.00779063588276
3217,107.7173179390114
3218,121.87958751423676
3219,157.29465491091833
3220,118.78483731000584
3221,54.1000531632526
3222,121.948588466975
3223,121.94508704552409
3224,121.60851336305215
3225,184.30523930793208
3226,53.05641558626854
3227,49.05078110506216
3228,54.05566057281697
3229,54.33868763360027
3230,184.08300968884825
3231,127.37062419898689
3232,118.70627867532902
3233,22.496814121218307
3234,100.52764287238274
3235,121.89811552707273
3236,134.10972831278
3237,122.17637474718228
3238,184.5004542371555
3239,53.984988557854074
3240,104.34795097284523
3241,100.53488165585769
3242,60.726101539637135
3243,122.07231546242087
3244,54.15080806002008
3245,135.81177108092945
3246,54.068070140741106
3247,54.253985397672395
3248,28.139144994317757
3249,100.61923881558296
3250,155.44874149436077
3251,103.95622158591043
3252,137.67796746939277
3253,100.6864283297129
3254,137.4326907950051
3255,121.84706748018495
3256,184.27721970646343
3257,54.18195799240741
3258,53.815358801638695
3259,53.95882228811609
3260,100.48526655694532
3261,80.08018360562373
3262,140.25781353386395
3263,122.06356268402718
3264,106.94951399379677
3265,111.89732820743012
3266,128.7847822386023
3267,54.046556768404955
3268,30.816380535129376
3269,100.48989213983495
3270,54.04938991522829
3271,27.90404916119907
3272,53.97469369979081
3273,127.51785471560555
3274,157.21987003754597
3275,53.85637894323106
3276,53.62451444194998
3277,104.43957820817002
3278,104.42255974652645
3279,127.65116013891625
3280,100.77623261610555
3281,104.21757047070352
3282,54.21887477037089
3283,54.155018043024675
3284,26.066814652517785
3285,104.2691091627862
3286,123.33553801102055
3287,140.28761914908839
3288,53.58767079742382
3289,127.35434302695054
3290,111.526080584871
3291,54.28757655108203
3292,100.68292423418325
3293,140.83032157144027
3294,54.17733899114329
3295,140.6399034347128
3296,137.73724557114616
3297,60.68474014475678
3298,100.67837963703064
3299,121.8349579866005
3300,26.128031648339547
3301,121.89812903081045
3302,52.41539995154841
3303,137.93745434468588
3304,53.92401668812016
3305,54.13218926557562
3306,54.00855184024236
3307,121.95012595576274
3308,54.06240562176248
3309,121.9608344240025
3310,121.78010905005397
3311,104.61750862086255
3312,101.6975246641242
3313,54.26975542143861
3314,52.87826977208794
3315,140.52998462061197
3316,104.30722263436944
3317,111.54995190181269
3318,99.56270608654646
3319,121.85456481023863
3320,122.10974878876011
3321,53.908455126063075
3322,54.23493200881558
3323,121.85947645664801
3324,157.16369281547628
3325,121.87774240286637
3326,122.18387361974352
3327,100.320026312688
3328,124.20310410027456
3329,121.86986018519892
3330,157.13599541727223
3331,104.12896690426714
3332,121.61421305780165
3333,100.84614149491148
3334,79.88353512048181
3335,51.05312423582327
3336,140.5983068935613
3337,157.2958867219134
3338,53.931159380238675
3339,60.91418562720249
3340,54.07309022837124
3341,28.359254495404553
3342,121.88618607046946
3343,53.98725307868044
3344,104.24925924533953
3345,140.43855962925645
3346,53.754934712183996
3347,54.10770009425887
3348,104.2986688878307
3349,54.27231265286642
3350,53.979883905884236
3351,54.201353501589715
3352,54.057027265609264
3353,106.89987065699948
3354,80.30392049899692
3355,100.69693309447064
3356,157.7611644957292
3357,54.025694445131464
3358,54.28252967757529
3359,127.63694496037388
3360,54.02354390275236
3361,54.11934100600105
3362,111.72814243146283
3363,104.49421284848493
3364,157.04128970908084
3365,54.35921179987562
3366,157.29124375065678
3367,100.25637427687936
3368,54.20114810335884
3369,140.51327790042137
3370,27.948971533307887
3371,28.075104287846166
3372,60.6683174068976
3373,127.45577736300577
3374,157.42560856572075
3375,100.5222088452432
3376,121.78939599877089
3377,102.32280908145965
3378,53.89336631704837
3379,137.51504704503137
3380,54.16610189342501
3381,54.243296318594886
3382,77.35303769413464
3383,54.04319179695078
3384,54.280435792976
3385,53.75417338214448
3386,104.56905042502164
3387,53.99879169449027
3388,121.79885914721325
3389,101.60913634957699
3390,106.9223133331144
3391,122.27577642534227
3392,122.09668553513048
3393,53.819602589761224
3394,111.65850361890297
3395,140.5259485934958
3396,100.45601607083711
3397,127.56824730418978
3398,122.11258945311813
3399,102.34095721566295
3400,50.713223849761086
3401,54.0502217670555
3402,28.199714448192246
3403,106.91950340880922
3404,127.6336347969927
3405,54.066607738529164
3406,53.57197275900792
3407,79.90228127189403
3408,80.31974704225937
3409,122.06554431778655
3410,157.41610354583952
3411,157.4162616220102
3412,54.26111589682669
3413,127.5727478923682
3414,122.13482010846242
3415,106.87841504026815
3416,54.109609784642835
3417,157.1908838888492
3418,100.66203649860803
3419,60.332331140597375
3420,121.81940081499135
3421,121.83998979232382
3422,121.90162925516782
3423,98.5799968536334
3424,111.42890830963371
3425,54.09465938449058
3426,100.59764609697676
3427,54.200345437139305
3428,27.9702758058004
3429,54.06008862672899
3430,184.2232585265983
3431,140.25238986041933
3432,28.0765429353269
3433,100.41238831447872
3434,53.94751508455307
3435,101.39631500611286
3436,60.75184293303057
3437,54.38457953708031
3438,54.08522092009405
3439,139.1732297323742
3440,184.3176739985663
3441,104.43050020421181
3442,54.23892869634717
3443,54.17590365470788
3444,156.97244961179098
3445,127.64587698609535
3446,121.58860030115258
3447,54.46885091145407
3448,52.58081827472874
3449,54.15677600671775
3450,56.406375819235066
3451,97.28138796601192
3452,54.32682197640918
3453,121.62652706823934
3454,109.59651778927388
3455,54.177901224859525
3456,121.93491459368339
3457,121.73077889079555
3458,54.10225904567621
3459,54.17889161145909
3460,100.63463162730568
3461,53.54288671291299
3462,127.62134146966363
3463,27.93192375374966
3464,54.317381543837605
3465,27.939119001511123
3466,98.94302327384263
3467,111.76958331863823
3468,157.27945802371258
3469,54.118331669728256
3470,54.86349551322958
3471,54.18898237980331
3472,53.967611383739104
3473,157.33904426862918
3474,141.45793526917396
3475,54.03202664791723
3476,138.0492552478537
3477,57.44613791250637
3478,122.0990393880774
3479,100.5053470689176
3480,50.31729238130024
3481,155.05054930404697
3482,54.24254162218282
3483,55.07679218984767
3484,106.88991164681184
3485,184.340801337954
3486,54.17510603312646
3487,51.30265331346567
3488,118.40184121617968
3489,104.47616220883893
3490,122.22608396695777
3491,54.12369053033788
3492,107.49603909049976
3493,121.93254344323772
3494,107.56147086078133
3495,154.90356384599735
3496,54.32706990463028
3497,100.43161295300088
3498,54.170407752811975
3499,54.20447126588902
3500,28.210416554546395
3501,100.69524479015703
3502,100.62184657389166
3503,127.70831709679959
3504,80.04642693443631
3505,52.10891561614797
3506,54.00029606455203
3507,54.002372766130456
3508,121.92070595706437
3509,54.12289041441664
3510,119.49946444259828
3511,55.866939577857366
3512,54.2606128668595
3513,54.1460574277134
3514,104.05579436117117
3515,120.41077851036519
3516,50.21660069442002
3517,121.27077118306748
3518,54.14387720439392
3519,140.49493099880158
3520,54.1040933397801
3521,54.09512159532765
3522,122.1148765946163
3523,140.28336439118146
3524,28.33824721518385
3525,28.40349540526822
3526,80.14741887078998
3527,121.69757451369661
3528,111.66321700330853
3529,55.40250736666253
3530,137.93084794716012
3531,54.03355566296925
3532,54.0426350791788
3533,127.46096050847002
3534,51.108902102423855
3535,53.967681841163134
3536,29.987586288480077
3537,100.61809640770225
3538,138.06830428477164
3539,121.38934204792074
3540,137.74914763318503
3541,53.8644355546753
3542,111.84994102766477
3543,53.78928259230592
3544,157.50566951403792
3545,184.22134732199882
3546,54.55425640346897
3547,137.53206026532132
3548,60.610798826242416
3549,140.65691258008354
3550,184.1584721608857
3551,100.33510726272164
3552,101.0609546411414
3553,53.99595916229723
3554,54.09430983590487
3555,137.945972601345
3556,113.59973201084185
3557,54.02058747274294
3558,121.90575028227882
3559,60.870329920361364
3560,51.223494990756606
3561,104.48891333762795
3562,54.149344884955305
3563,54.39416195783247
3564,139.34877168543161
3565,54.120711388305544
3566,54.2833679811417
3567,54.269367320552625
3568,80.21172577501135
3569,107.1075607287969
3570,121.9802581311005
3571,184.42731076306697
3572,54.00543512643001
3573,123.5616561567497
3574,80.10427050768465
3575,100.56141043128179
3576,27.857016710066137
3577,54.20291603901452
3578,53.999085899926705
3579,53.883227492513925
3580,60.76443812894988
3581,121.92158628009142
3582,54.0515656040005
3583,80.09856083371626
3584,104.48638352420603
3585,54.06036882888139
3586,100.7596459310136
3587,121.92120016161081
3588,54.12723094931288
3589,54.13488453344977
3590,60.72940382817827
3591,121.72397388437226
3592,54.4400704136444
3593,27.923996460603504
3594,140.24609452694023
3595,121.8112277221532
3596,56.1788279319332
3597,99.27194641851432
3598,100.4082415394477
3599,54.01455286050477
3600,60.75551790949303
3601,121.61795533798359
3602,121.86869796097857
3603,53.9316938738886
3604,124.83011540830178
3605,127.465105772033
3606,54.01687757330781
3607,132.84017742575733
3608,184.37138338529095
3609,27.98789814782697
3610,151.05985074698924
3611,53.968449197667184
3612,54.16706838335573
3613,121.72033873222571
3614,53.979253475457156
3615,137.61353579498075
3616,127.62884421287552
3617,56.731255047412084
3618,79.54910573642641
3619,54.12987277541154
3620,104.33002512198354
3621,28.24452189353882
3622,100.46155537805745
3623,124.85460035867064
3624,120.17599987428568
3625,54.874721665002944
3626,142.91119560479999
3627,54.169150253333775
3628,127.36811908586361
3629,140.73993111920248
3630,120.89985865219447
3631,184.18670813874792
3632,54.34107650646278
3633,157.50606537435658
3634,122.02113839304477
3635,157.1024579471703
3636,111.63055366233583
3637,184.18857710691714
3638,140.6594547048267
3639,122.13172492299597
3640,121.92832122344042
3641,54.025062046165694
3642,54.00194534887348
3643,28.3731707812484
3644,107.04016803269877
3645,137.61962839913735
3646,100.75465311497648
3647,53.77413490103304
3648,100.44529198272437
3649,25.026438698831154
3650,104.12241277677475
3651,50.323293095120874
3652,121.33395156331525
3653,53.8643713178676
3654,122.0012130063025
3655,53.942187279112616
3656,80.15561006453039
3657,53.81292307868893
3658,100.5179423610924
3659,137.42917947155155
3660,54.174233336345395
3661,53.99995900577804
3662,127.48408912563404
3663,27.625984901146776
3664,123.22885356625775
3665,104.25304294275573
3666,53.80161393818958
3667,100.65213561303777
3668,54.13171717015261
3669,184.28813680910523
3670,54.29388028596858
3671,157.4819578123256
3672,100.6858107079208
3673,107.31827125307619
3674,80.11342254812362
3675,180.1225938964578
3676,53.90926837906578
3677,54.270043385249195
3678,140.4598765793696
3679,107.52173130149801
3680,121.88754777559262
3681,54.07236062098116
3682,137.4919419289173
3683,104.52667831028883
3684,125.88287552740134
3685,53.527681566704345
3686,137.8083325975142
3687,124.96061579633498
3688,54.204447616207
3689,28.57947077856357
3690,54.08275610582723
3691,111.74559068654106
3692,121.95239950008319
3693,100.56707153290918
3694,122.10359647801707
3695,54.33491487442404
3696,104.26365485340347
3697,49.82507874139332
3698,184.26624371723213
3699,121.98530433569694
3700,54.211651331535194
3701,53.89705327090391
3702,137.9240990484591
3703,127.39745419480617
3704,54.12871045633681
3705,80.12350774731247
3706,54.13041349560431
3707,111.97620003993173
3708,121.67489624071918
3709,60.73397667464621
3710,140.38290374417062
3711,54.0945556073458
3712,135.69238209542263
3713,157.0918929227087
3714,80.25224789782166
3715,60.76888160822707
3716,56.868709344847055
3717,54.12123527159993
3718,54.36029806778387
3719,111.98466319980426
3720,121.7090265994522
3721,140.54566003595107
3722,140.3579890526078
3723,53.88680846558984
3724,54.26303465720803
3725,122.14006880310049
3726,46.761759348242364
3727,81.91481387980276
3728,53.95083861868351
3729,137.77268720372302
3730,54.25850907324703
3731,28.06012447568228
3732,54.17607326169594
3733,100.5080699865877
3734,134.4259976954857
3735,53.898261000918325
3736,53.742562706532226
3737,137.69418652936542
3738,111.58489094709184
3739,54.0142242977962
3740,54.06450287544909
3741,54.126158905984866
3742,111.74499320859324
3743,54.057545563544664
3744,111.64037825149309
3745,54.57811880747526
3746,81.678010934
3747,122.02731351598385
3748,106.86249781848696
3749,106.9253885738643
3750,122.26320492337679
3751,54.17214877258223
3752,121.65641440193518
3753,107.09131893513948
3754,54.17582112974303
3755,121.8411572527713
3756,52.63751685182485
3757,137.86858157773352
3758,52.5849632516848
3759,53.8202578987489
3760,122.03490474099922
3761,54.1437347572926
3762,53.59363426122817
3763,100.52282163327358
3764,60.62150758723931
3765,54.14563687047032
3766,54.17557192934294
3767,49.740011190523525
3768,28.129178787735817
3769,54.345755445400385
3770,54.21753039714641
3771,80.10268864450109
3772,53.77033996176286
3773,54.387331792928656
3774,111.8091125081016
3775,121.57699296969577
3776,53.67729068857134
3777,53.47730691467689
3778,121.95685843788252
3779,100.7309039918271
3780,54.416254825122024
3781,28.25404713759054
3782,121.90193531648518
3783,184.2120661961789
3784,148.16461249966474
3785,121.93129565273605
3786,184.09205481166768
3787,121.8308611831072
3788,79.93093961553664
3789,127.65771894232293
3790,111.85828373497078
3791,104.30530800776728
3792,100.7930750531481
3793,54.21684612711534
3794,121.80890114502733
3795,53.80914828278651
3796,100.40047880934011
3797,53.470382936923585
3798,122.16940977331411
3799,157.40046301034153
3800,122.13820268651878
3801,121.04693594072953
3802,137.53736432902747
3803,140.5485848241133
3804,109.08375452083871
3805,54.164390096390555
3806,59.274196342325865
3807,104.65031228907087
3808,127.67109324728459
3809,101.58507416260258
3810,115.92918269190773
3811,54.094007097515195
3812,121.67394325068068
3813,157.1384412545301
3814,140.5159076569825
3815,53.922501766620016
3816,181.25521850920896
3817,121.75172878065972
3818,184.29692895004166
3819,54.05805534638959
3820,54.286432611660054
3821,54.0976854794145
3822,54.20796631301669
3823,104.00219467059546
3824,58.83095723744601
3825,100.73865338052748
3826,53.920148366743824
3827,54.07809197394041
3828,28.06811677962807
3829,100.41251615561134
3830,106.97779203121065
3831,54.14918853115359
3832,127.65310255590722
3833,111.93884249023577
3834,102.64807953884288
3835,54.18088756299037
3836,127.33142228931162
3837,60.7962535029987
3838,127.42128462873427
3839,60.61458883650415
3840,127.79032062573877
3841,137.6565597605917
3842,54.25505462321795
3843,100.61960373122666
3844,121.87672952541745
3845,54.11933151947354
3846,122.18205143089186
3847,121.93491025334798
3848,60.65121073078595
3849,100.84224059585789
3850,28.253182137722142
3851,122.2384386652766
3852,107.01489456357253
3853,121.88618047228033
3854,157.37637652932202
3855,100.53374148527769
3856,61.22103307967036
3857,54.385344165751285
3858,154.4551485427556
3859,28.226940281118015
3860,123.21039430420556
3861,60.6132329788607
3862,121.72798807388934
3863,53.9857307053354
3864,54.131935904160386
3865,53.910691451614085
3866,122.2102531024071
3867,50.34442988430053
3868,54.20629441761188
3869,104.65954350618651
3870,140.62822568886335
3871,184.3258504884464
3872,80.48356649615833
3873,157.32897873247984
3874,100.70736613853676
3875,121.85838963691738
3876,107.19949283855226
3877,61.261172602393565
3878,100.49043205146235
3879,122.27502406343591
3880,53.95539596093243
3881,53.94669673247183
3882,100.77049081041356
3883,54.17979782227849
3884,122.21231655332913
3885,54.2301887914164
3886,100.4171838862065
3887,184.1351189037143
3888,121.1091648054292
3889,121.93883913829053
3890,137.55835107260833
3891,121.64828176024757
3892,121.67601176161382
3893,140.50210054908823
3894,54.01123067389246
3895,104.1153932778745
3896,28.207444695549135
3897,54.3210538190055
3898,100.44074963230847
3899,123.84708769320791
3900,29.55541444199223
3901,54.16912288140489
3902,53.868896240053175
3903,121.74211658156571
3904,111.85512602652877
3905,121.79596094333293
3906,97.7188864634804
3907,53.01033260649472
3908,121.66209570250106
3909,60.441305942592464
3910,137.6657931673005
3911,53.89134512034397
3912,140.4617427428739
3913,100.87451207968648
3914,54.17078107029977
3915,104.28844026945443
3916,78.531099400078
3917,99.24516473632696
3918,121.90792154323266
3919,100.5204485358534
3920,134.49451921610208
3921,54.21346875007125
3922,54.09268125214992
3923,60.78354771052512
3924,111.3704386335732
3925,121.89813613792847
3926,54.1274186605773
3927,177.7364900206998
3928,111.79002464109591
3929,121.93639055605057
3930,100.51946708557738
3931,54.21154833748957
3932,53.87981479948392
3933,107.10540158735063
3934,122.17557250421339
3935,54.27076005121797
3936,80.57292918665618
3937,185.04229135121025
3938,140.48866635468414
3939,104.47883021842722
3940,80.10901223955238
3941,54.33900717055938
3942,100.96525680383019
3943,137.82154679407887
3944,54.1405271547927
3945,104.47613816008105
3946,54.14531219317881
3947,127.5289614771956
3948,99.18750880598685
3949,58.78145906104489
3950,80.65948123092485
3951,157.415625196339
3952,183.99234594585693
3953,121.88646797420989
3954,80.53767380114512
3955,49.551162648111784
3956,54.3994703693312
3957,140.74445731501658
3958,122.08389206446122
3959,140.41842457035395
3960,100.56760521077402
3961,80.00159809298732
3962,28.308269883900863
3963,54.117503092468915
3964,28.114275959400338
3965,155.59026855092478
3966,54.229026044548256
3967,54.296134784017234
3968,54.89228461922642
3969,122.01105845291988
3970,121.99366389154397
3971,122.14693499350616
3972,54.06361664279519
3973,54.37711485568829
3974,80.14045059984399
3975,124.89986972212607
3976,121.95587016959097
3977,54.07452102180606
3978,111.69039796042928
3979,54.13509746421695
3980,184.2749199192427
3981,54.2008989864346
3982,140.49661257420374
3983,100.50660137090655
3984,79.98699195881738
3985,100.66570881600236
3986,100.47199692111612
3987,100.64213024848742
3988,52.93411146237389
3989,54.21731026559295
3990,100.76343639553541
3991,49.050976856928344
3992,100.61695770805785
3993,127.27814040781956
3994,52.12801799835045
3995,157.24711809353474
3996,122.30855163422194
3997,57.740357311500475
3998,54.12562237507402
3999,101.86770083678661
4000,121.6996485275975
